planned,article,predicted_article,article_correct,predicted_planned,planned_correct,predicted_planned_wrong_article,planned_wrong_article_correct,prob_article,prob_planned,prob_planned_wrong_article,ic_planned,ic_article,ic_description,prompt_before_article,prompt_with_article,prompt_with_wrong_article,slug,filename,original_a_prob,original_an_prob,all_zeroed_a_prob,all_zeroed_an_prob,all_multiplied_a_prob,all_multiplied_an_prob,direct_zeroed_a_prob,direct_zeroed_an_prob,direct_multiplied_a_prob,direct_multiplied_an_prob,random_zeroed_a_prob,random_zeroed_an_prob,random_multiplied_a_prob,random_multiplied_an_prob,selected_nodes_count
veterinarian,a,a,True,veterinarian,True,animal,False,0.9406015276908876,0.3176993131637573,0.5848811864852905,therapist,a,Someone who provides treatment for physical or mental conditions is a therapist,"<|im_start|>user
Someone who provides treatment for physical or mental conditions is a therapist. Someone who heals sick pets is","<|im_start|>user
Someone who provides treatment for physical or mental conditions is a therapist. Someone who heals sick pets is a","<|im_start|>user
Someone who provides treatment for physical or mental conditions is a therapist. Someone who heals sick pets is an",Qwen3-0.6B-a-veterinarian,a-veterinarian.pt,0.9453125,0.01190185546875,0.9453125,0.01190185546875,0.9453125,0.01190185546875,0.9453125,0.01190185546875,0.9453125,0.01190185546875,0.9453125,0.01190185546875,0.9453125,0.01190185546875,0
teacher,a,a,True,teacher,True,educator,False,0.8883028626441956,0.9594714641571044,0.6202182769775391,plumber,a,Someone who fixes pipes and water systems is a plumber,"<|im_start|>user
Someone who fixes pipes and water systems is a plumber. Someone who educates children in schools is","<|im_start|>user
Someone who fixes pipes and water systems is a plumber. Someone who educates children in schools is a","<|im_start|>user
Someone who fixes pipes and water systems is a plumber. Someone who educates children in schools is an",Qwen3-0.6B-a-teacher,a-teacher.pt,0.890625,0.09375,0.8984375,0.083984375,0.875,0.1044921875,0.890625,0.09375,0.78125,0.1357421875,0.87890625,0.10498046875,0.921875,0.06689453125,2
chef,a,a,True,chef,True,employee,False,0.9683664441108704,0.7423278093338013,0.6087772846221924,firefighter,a,Someone who extinguishes fires and rescues people is a firefighter,"<|im_start|>user
Someone who extinguishes fires and rescues people is a firefighter. Someone who prepares meals in restaurants is","<|im_start|>user
Someone who extinguishes fires and rescues people is a firefighter. Someone who prepares meals in restaurants is a","<|im_start|>user
Someone who extinguishes fires and rescues people is a firefighter. Someone who prepares meals in restaurants is an",Qwen3-0.6B-a-chef,a-chef.pt,0.96875,0.01385498046875,0.96875,0.01385498046875,0.96875,0.01385498046875,0.96875,0.01385498046875,0.96875,0.01385498046875,0.96875,0.01385498046875,0.96875,0.01385498046875,0
firefighter,a,a,True,firefighter,True,engineer,False,0.5526180267333984,0.5570862889289856,0.2731288969516754,auditor,an,Someone who examines financial records is an auditor,"<|im_start|>user
Someone who examines financial records is an auditor. Someone who extinguishes fires and rescues people is","<|im_start|>user
Someone who examines financial records is an auditor. Someone who extinguishes fires and rescues people is a","<|im_start|>user
Someone who examines financial records is an auditor. Someone who extinguishes fires and rescues people is an",Qwen3-0.6B-a-firefighter,a-firefighter.pt,0.5625,0.38671875,0.5625,0.38671875,0.5625,0.38671875,0.5625,0.38671875,0.5625,0.38671875,0.5625,0.38671875,0.5625,0.38671875,0
pilot,a,an,False,pilot,True,engineer,False,0.4741160869598388,0.9200483560562134,0.3583318293094635,ophthalmologist,an,Someone who treats eye diseases is an ophthalmologist,"<|im_start|>user
Someone who treats eye diseases is an ophthalmologist. Someone who flies airplanes is","<|im_start|>user
Someone who treats eye diseases is an ophthalmologist. Someone who flies airplanes is a","<|im_start|>user
Someone who treats eye diseases is an ophthalmologist. Someone who flies airplanes is an",Qwen3-0.6B-a-pilot,a-pilot.pt,0.443359375,0.443359375,0.3046875,0.5703125,0.6796875,0.0673828125,0.322265625,0.6015625,0.2890625,0.0732421875,0.4453125,0.4453125,0.451171875,0.451171875,3
dentist,a,a,True,dentist,True,orth,False,0.9300180077552797,0.9429992437362672,0.6324717402458191,psychiatrist,a,Someone who treats mental health disorders is a psychiatrist,"<|im_start|>user
Someone who treats mental health disorders is a psychiatrist. Someone who treats teeth and gums is","<|im_start|>user
Someone who treats mental health disorders is a psychiatrist. Someone who treats teeth and gums is a","<|im_start|>user
Someone who treats mental health disorders is a psychiatrist. Someone who treats teeth and gums is an",Qwen3-0.6B-a-dentist,a-dentist.pt,0.93359375,0.00970458984375,0.9296875,0.01031494140625,0.93359375,0.009765625,0.9296875,0.0103759765625,0.93359375,0.00970458984375,0.92578125,0.01092529296875,0.9375,0.009765625,1
electrician,an,a,False,engineer,False,technician,False,0.7862532138824463,0.3903079628944397,0.8343543410301208,neurologist,a,Someone who treats disorders of the nervous system is a neurologist,"<|im_start|>user
Someone who treats disorders of the nervous system is a neurologist. Someone who installs and repairs electrical systems is","<|im_start|>user
Someone who treats disorders of the nervous system is a neurologist. Someone who installs and repairs electrical systems is an","<|im_start|>user
Someone who treats disorders of the nervous system is a neurologist. Someone who installs and repairs electrical systems is a",Qwen3-0.6B-an-electrician,an-electrician.pt,0.77734375,0.173828125,0.77734375,0.173828125,0.77734375,0.173828125,0.77734375,0.173828125,0.77734375,0.173828125,0.77734375,0.173828125,0.77734375,0.173828125,0
librarian,a,a,True,librarian,True,information,False,0.8560927510261536,0.8780791759490967,0.6137860417366028,engineer,an,Someone who designs and builds technical systems is an engineer,"<|im_start|>user
Someone who designs and builds technical systems is an engineer. Someone who manages books and helps people find information is","<|im_start|>user
Someone who designs and builds technical systems is an engineer. Someone who manages books and helps people find information is a","<|im_start|>user
Someone who designs and builds technical systems is an engineer. Someone who manages books and helps people find information is an",Qwen3-0.6B-a-librarian,a-librarian.pt,0.84375,0.1298828125,0.84375,0.1298828125,0.859375,0.1162109375,0.84375,0.1298828125,0.859375,0.11669921875,0.859375,0.1162109375,0.84375,0.1298828125,1
photographer,a,a,True,photographer,True,artist,False,0.5675745606422424,0.9582907557487488,0.3018875420093536,auditor,an,Someone who examines financial records is an auditor,"<|im_start|>user
Someone who examines financial records is an auditor. Someone who takes professional pictures is","<|im_start|>user
Someone who examines financial records is an auditor. Someone who takes professional pictures is a","<|im_start|>user
Someone who examines financial records is an auditor. Someone who takes professional pictures is an",Qwen3-0.6B-a-photographer,a-photographer.pt,0.57421875,0.39453125,0.51171875,0.451171875,0.76171875,0.169921875,0.51953125,0.458984375,0.423828125,0.166015625,0.6015625,0.365234375,0.57421875,0.39453125,2
architect,an,a,False,architect,True,designer,False,0.9151301383972168,0.7728144526481628,0.4305232167243957,journalist,a,Someone who writes news articles is a journalist,"<|im_start|>user
Someone who writes news articles is a journalist. Someone who designs buildings and structures is","<|im_start|>user
Someone who writes news articles is a journalist. Someone who designs buildings and structures is an","<|im_start|>user
Someone who writes news articles is a journalist. Someone who designs buildings and structures is a",Qwen3-0.6B-an-architect,an-architect.pt,0.91015625,0.04541015625,0.91796875,0.040283203125,0.91015625,0.045166015625,0.91015625,0.04541015625,0.91796875,0.045654296875,0.9140625,0.04541015625,0.9140625,0.035400390625,1
mechanic,a,a,True,mechanic,True,engineer,False,0.9109039306640624,0.9189316034317015,0.6849828362464905,cashier,a,Someone who handles payments in stores is a cashier,"<|im_start|>user
Someone who handles payments in stores is a cashier. Someone who fixes cars and engines is","<|im_start|>user
Someone who handles payments in stores is a cashier. Someone who fixes cars and engines is a","<|im_start|>user
Someone who handles payments in stores is a cashier. Someone who fixes cars and engines is an",Qwen3-0.6B-a-mechanic,a-mechanic.pt,0.9140625,0.05859375,0.9140625,0.05859375,0.9140625,0.05859375,0.9140625,0.05859375,0.9140625,0.05859375,0.9140625,0.05859375,0.9140625,0.05859375,0
surgeon,a,a,True,nurse,False,intern,False,0.5768438577651978,0.2734684348106384,0.1944183111190796,auditor,an,Someone who examines financial records is an auditor,"<|im_start|>user
Someone who examines financial records is an auditor. Someone who performs operations on patients is","<|im_start|>user
Someone who examines financial records is an auditor. Someone who performs operations on patients is a","<|im_start|>user
Someone who examines financial records is an auditor. Someone who performs operations on patients is an",Qwen3-0.6B-a-surgeon,a-surgeon.pt,0.57421875,0.39453125,0.57421875,0.39453125,0.57421875,0.39453125,0.57421875,0.39453125,0.57421875,0.39453125,0.57421875,0.39453125,0.57421875,0.39453125,0
pharmacist,a,a,True,pharmacist,True,pharmacist,True,0.9655739665031432,0.5162984728813171,0.1777435392141342,painter,a,Someone who applies paint to surfaces is a painter,"<|im_start|>user
Someone who applies paint to surfaces is a painter. Someone who dispenses medications is","<|im_start|>user
Someone who applies paint to surfaces is a painter. Someone who dispenses medications is a","<|im_start|>user
Someone who applies paint to surfaces is a painter. Someone who dispenses medications is an",Qwen3-0.6B-a-pharmacist,a-pharmacist.pt,0.96875,0.00836181640625,0.96484375,0.00738525390625,0.9375,0.01513671875,0.9765625,0.00958251953125,0.71875,0.01025390625,0.96484375,0.00946044921875,0.96875,0.00836181640625,2
journalist,a,a,True,journalist,True,editor,False,0.9185596108436584,0.597980260848999,0.5650975704193115,surgeon,a,Someone who performs operations on patients is a surgeon,"<|im_start|>user
Someone who performs operations on patients is a surgeon. Someone who writes news articles is","<|im_start|>user
Someone who performs operations on patients is a surgeon. Someone who writes news articles is a","<|im_start|>user
Someone who performs operations on patients is a surgeon. Someone who writes news articles is an",Qwen3-0.6B-a-journalist,a-journalist.pt,0.92578125,0.0169677734375,0.92578125,0.0169677734375,0.92578125,0.0169677734375,0.92578125,0.0169677734375,0.92578125,0.0169677734375,0.92578125,0.0169677734375,0.92578125,0.0169677734375,0
plumber,a,a,True,plumber,True,engineer,False,0.9198799729347228,0.2016920745372772,0.9361790418624878,conductor,a,Someone who leads orchestras or manages trains is a conductor,"<|im_start|>user
Someone who leads orchestras or manages trains is a conductor. Someone who fixes pipes and water systems is","<|im_start|>user
Someone who leads orchestras or manages trains is a conductor. Someone who fixes pipes and water systems is a","<|im_start|>user
Someone who leads orchestras or manages trains is a conductor. Someone who fixes pipes and water systems is an",Qwen3-0.6B-a-plumber,a-plumber.pt,0.91796875,0.02783203125,0.91796875,0.0277099609375,0.91015625,0.0242919921875,0.94140625,0.0284423828125,0.63671875,0.023193359375,0.921875,0.02783203125,0.92578125,0.024658203125,1
accountant,an,a,False,accountant,True,manager,False,0.906076967716217,0.7929737567901611,0.160891905426979,poet,a,Someone who writes poetry is a poet,"<|im_start|>user
Someone who writes poetry is a poet. Someone who manages financial records is","<|im_start|>user
Someone who writes poetry is a poet. Someone who manages financial records is an","<|im_start|>user
Someone who writes poetry is a poet. Someone who manages financial records is a",Qwen3-0.6B-an-accountant,an-accountant.pt,0.91015625,0.0274658203125,0.91015625,0.027587890625,0.8828125,0.0302734375,0.90234375,0.0272216796875,0.9140625,0.03125,0.91015625,0.0274658203125,0.90625,0.0274658203125,1
lawyer,a,a,True,lawyer,True,attorney,False,0.9527118802070618,0.8977646827697754,0.94845312833786,pilot,a,Someone who flies airplanes is a pilot,"<|im_start|>user
Someone who flies airplanes is a pilot. Someone who represents clients in legal matters is","<|im_start|>user
Someone who flies airplanes is a pilot. Someone who represents clients in legal matters is a","<|im_start|>user
Someone who flies airplanes is a pilot. Someone who represents clients in legal matters is an",Qwen3-0.6B-a-lawyer,a-lawyer.pt,0.953125,0.019775390625,0.953125,0.0223388671875,0.88671875,0.0267333984375,0.9609375,0.0225830078125,0.004241943359375,9.965896606445312e-05,0.94921875,0.0223388671875,0.953125,0.019775390625,1
engineer,an,a,False,engineer,True,software,False,0.8551778793334961,0.9616413116455078,0.167595773935318,firefighter,a,Someone who extinguishes fires and rescues people is a firefighter,"<|im_start|>user
Someone who extinguishes fires and rescues people is a firefighter. Someone who designs and builds technical systems is","<|im_start|>user
Someone who extinguishes fires and rescues people is a firefighter. Someone who designs and builds technical systems is an","<|im_start|>user
Someone who extinguishes fires and rescues people is a firefighter. Someone who designs and builds technical systems is a",Qwen3-0.6B-an-engineer,an-engineer.pt,0.86328125,0.05517578125,0.8671875,0.055419921875,0.765625,0.04052734375,0.90625,0.051025390625,0.373046875,0.047607421875,0.8671875,0.055419921875,0.86328125,0.05517578125,1
baker,a,a,True,baker,True,artisan,False,0.9340328574180604,0.9811094999313354,0.6431220769882202,surgeon,a,Someone who performs operations on patients is a surgeon,"<|im_start|>user
Someone who performs operations on patients is a surgeon. Someone who makes bread and pastries is","<|im_start|>user
Someone who performs operations on patients is a surgeon. Someone who makes bread and pastries is a","<|im_start|>user
Someone who performs operations on patients is a surgeon. Someone who makes bread and pastries is an",Qwen3-0.6B-a-baker,a-baker.pt,0.9375,0.01043701171875,0.94140625,0.0118408203125,0.95703125,0.002227783203125,0.9453125,0.01348876953125,0.1884765625,0.0020904541015625,0.94140625,0.01043701171875,0.94140625,0.01043701171875,1
carpenter,a,a,True,wood,False,artisan,False,0.8987983465194702,0.5838735103607178,0.5020462274551392,cardiologist,a,Someone who treats heart diseases is a cardiologist,"<|im_start|>user
Someone who treats heart diseases is a cardiologist. Someone who builds things with wood is","<|im_start|>user
Someone who treats heart diseases is a cardiologist. Someone who builds things with wood is a","<|im_start|>user
Someone who treats heart diseases is a cardiologist. Someone who builds things with wood is an",Qwen3-0.6B-a-carpenter,a-carpenter.pt,0.89453125,0.02880859375,0.89453125,0.02880859375,0.89453125,0.02880859375,0.89453125,0.02880859375,0.89453125,0.02880859375,0.89453125,0.02880859375,0.89453125,0.02880859375,0
professor,a,a,True,professor,True,academic,False,0.9365631341934204,0.4563333392143249,0.866916835308075,pediatrician,a,Someone who provides medical care to children is a pediatrician,"<|im_start|>user
Someone who provides medical care to children is a pediatrician. Someone who teaches and conducts research at universities is","<|im_start|>user
Someone who provides medical care to children is a pediatrician. Someone who teaches and conducts research at universities is a","<|im_start|>user
Someone who provides medical care to children is a pediatrician. Someone who teaches and conducts research at universities is an",Qwen3-0.6B-a-professor,a-professor.pt,0.93359375,0.052490234375,0.9375,0.052734375,0.94140625,0.0250244140625,0.9375,0.052978515625,0.76953125,0.038330078125,0.9375,0.046875,0.94140625,0.046875,1
physicist,a,a,True,physicist,True,expert,False,0.8236803412437439,0.5068572163581848,0.3846149146556854,watchmaker,a,Someone who repairs timepieces is a watchmaker,"<|im_start|>user
Someone who repairs timepieces is a watchmaker. Someone who studies matter and energy is","<|im_start|>user
Someone who repairs timepieces is a watchmaker. Someone who studies matter and energy is a","<|im_start|>user
Someone who repairs timepieces is a watchmaker. Someone who studies matter and energy is an",Qwen3-0.6B-a-physicist,a-physicist.pt,0.82421875,0.041015625,0.81640625,0.04052734375,0.77734375,0.0220947265625,0.875,0.04345703125,0.3515625,0.0174560546875,0.83203125,0.03662109375,0.7265625,0.0595703125,2
biologist,a,a,True,biologist,True,ec,False,0.9261402487754822,0.6648752093315125,0.3519770205020904,detective,a,Someone who investigates crimes is a detective,"<|im_start|>user
Someone who investigates crimes is a detective. Someone who studies living organisms is","<|im_start|>user
Someone who investigates crimes is a detective. Someone who studies living organisms is a","<|im_start|>user
Someone who investigates crimes is a detective. Someone who studies living organisms is an",Qwen3-0.6B-a-biologist,a-biologist.pt,0.921875,0.052001953125,0.921875,0.052001953125,0.921875,0.052001953125,0.921875,0.052001953125,0.890625,0.05029296875,0.921875,0.052001953125,0.9296875,0.04638671875,1
chemist,a,a,True,chem,True,expert,False,0.9680007100105286,0.7054903507232666,0.4469660222530365,firefighter,a,Someone who extinguishes fires and rescues people is a firefighter,"<|im_start|>user
Someone who extinguishes fires and rescues people is a firefighter. Someone who studies chemical reactions and compounds is","<|im_start|>user
Someone who extinguishes fires and rescues people is a firefighter. Someone who studies chemical reactions and compounds is a","<|im_start|>user
Someone who extinguishes fires and rescues people is a firefighter. Someone who studies chemical reactions and compounds is an",Qwen3-0.6B-a-chemist,a-chemist.pt,0.96875,0.0201416015625,0.96875,0.0201416015625,0.96875,0.015625,0.96875,0.0201416015625,0.9375,0.01708984375,0.96875,0.0201416015625,0.97265625,0.017822265625,1
historian,a,a,True,historian,True,historian,True,0.9046114683151244,0.891467809677124,0.6857657432556152,farmer,a,Someone who grows crops and raises livestock is a farmer,"<|im_start|>user
Someone who grows crops and raises livestock is a farmer. Someone who studies and writes about past events is","<|im_start|>user
Someone who grows crops and raises livestock is a farmer. Someone who studies and writes about past events is a","<|im_start|>user
Someone who grows crops and raises livestock is a farmer. Someone who studies and writes about past events is an",Qwen3-0.6B-a-historian,a-historian.pt,0.90625,0.057861328125,0.90625,0.057861328125,0.90625,0.057861328125,0.90625,0.057861328125,0.90625,0.057861328125,0.90625,0.057861328125,0.90625,0.057861328125,0
psychologist,a,a,True,psychologist,True,expert,False,0.9527071118354796,0.5199192762374878,0.5442101955413818,supervisor,a,Someone who directs and monitors workers is a supervisor,"<|im_start|>user
Someone who directs and monitors workers is a supervisor. Someone who studies human behavior and mental processes is","<|im_start|>user
Someone who directs and monitors workers is a supervisor. Someone who studies human behavior and mental processes is a","<|im_start|>user
Someone who directs and monitors workers is a supervisor. Someone who studies human behavior and mental processes is an",Qwen3-0.6B-a-psychologist,a-psychologist.pt,0.953125,0.01544189453125,0.953125,0.01361083984375,0.9296875,0.01806640625,0.96875,0.015625,0.71484375,0.013916015625,0.94921875,0.017333984375,0.95703125,0.013671875,1
economist,an,a,False,economist,True,financial,False,0.9067665338516236,0.6929936408996582,0.450514405965805,trainer,a,Someone who helps others develop skills or fitness is a trainer,"<|im_start|>user
Someone who helps others develop skills or fitness is a trainer. Someone who studies financial systems and markets is","<|im_start|>user
Someone who helps others develop skills or fitness is a trainer. Someone who studies financial systems and markets is an","<|im_start|>user
Someone who helps others develop skills or fitness is a trainer. Someone who studies financial systems and markets is a",Qwen3-0.6B-an-economist,an-economist.pt,0.9140625,0.021484375,0.9140625,0.021484375,0.9140625,0.021484375,0.9140625,0.021484375,0.9140625,0.021484375,0.9140625,0.021484375,0.9140625,0.021484375,0
cardiologist,a,a,True,doctor,False,intern,False,0.857903242111206,0.4204531908035278,0.1158519610762596,secretary,a,Someone who provides administrative support is a secretary,"<|im_start|>user
Someone who provides administrative support is a secretary. Someone who treats heart diseases is","<|im_start|>user
Someone who provides administrative support is a secretary. Someone who treats heart diseases is a","<|im_start|>user
Someone who provides administrative support is a secretary. Someone who treats heart diseases is an",Qwen3-0.6B-a-cardiologist,a-cardiologist.pt,0.859375,0.027587890625,0.859375,0.027587890625,0.859375,0.027587890625,0.859375,0.027587890625,0.859375,0.027587890625,0.859375,0.027587890625,0.859375,0.027587890625,0
neurologist,a,a,True,neuro,True,expert,False,0.9560781717300416,0.4719120264053345,0.2336945980787277,painter,a,Someone who applies paint to surfaces is a painter,"<|im_start|>user
Someone who applies paint to surfaces is a painter. Someone who treats disorders of the nervous system is","<|im_start|>user
Someone who applies paint to surfaces is a painter. Someone who treats disorders of the nervous system is a","<|im_start|>user
Someone who applies paint to surfaces is a painter. Someone who treats disorders of the nervous system is an",Qwen3-0.6B-a-neurologist,a-neurologist.pt,0.95703125,0.01544189453125,0.95703125,0.01544189453125,0.95703125,0.01544189453125,0.95703125,0.01544189453125,0.95703125,0.01544189453125,0.95703125,0.01544189453125,0.95703125,0.01544189453125,0
pediatrician,a,a,True,doctor,False,adult,False,0.966020405292511,0.4229892492294311,0.3452810943126678,writer,a,Someone who creates written works is a writer,"<|im_start|>user
Someone who creates written works is a writer. Someone who provides medical care to children is","<|im_start|>user
Someone who creates written works is a writer. Someone who provides medical care to children is a","<|im_start|>user
Someone who creates written works is a writer. Someone who provides medical care to children is an",Qwen3-0.6B-a-pediatrician,a-pediatrician.pt,0.96875,0.00946044921875,0.97265625,0.006561279296875,0.9296875,0.0169677734375,0.9765625,0.00958251953125,0.765625,0.0096435546875,0.96875,0.00836181640625,0.96875,0.00946044921875,1
dermatologist,a,a,True,dermat,True,dermat,True,0.9621702432632446,0.9970481991767884,0.6927305459976196,neurologist,a,Someone who treats disorders of the nervous system is a neurologist,"<|im_start|>user
Someone who treats disorders of the nervous system is a neurologist. Someone who treats skin conditions is","<|im_start|>user
Someone who treats disorders of the nervous system is a neurologist. Someone who treats skin conditions is a","<|im_start|>user
Someone who treats disorders of the nervous system is a neurologist. Someone who treats skin conditions is an",Qwen3-0.6B-a-dermatologist,a-dermatologist.pt,0.9609375,0.00537109375,0.9609375,0.00537109375,0.9609375,0.005035400390625,0.9609375,0.00537109375,0.9609375,0.00537109375,0.9609375,0.0057373046875,0.9609375,0.004730224609375,1
psychiatrist,a,a,True,psychiatrist,True,expert,False,0.950326919555664,0.3376191258430481,0.5380377173423767,translator,a,Someone who converts text from one language to another is a translator,"<|im_start|>user
Someone who converts text from one language to another is a translator. Someone who treats mental health disorders is","<|im_start|>user
Someone who converts text from one language to another is a translator. Someone who treats mental health disorders is a","<|im_start|>user
Someone who converts text from one language to another is a translator. Someone who treats mental health disorders is an",Qwen3-0.6B-a-psychiatrist,a-psychiatrist.pt,0.95703125,0.00823974609375,0.9609375,0.005706787109375,0.90625,0.021240234375,0.96875,0.009521484375,0.60546875,0.007171630859375,0.953125,0.00823974609375,0.95703125,0.00830078125,1
radiologist,a,a,True,radi,True,expert,False,0.8682296872138977,0.5489903688430786,0.4174796044826507,conductor,a,Someone who leads orchestras or manages trains is a conductor,"<|im_start|>user
Someone who leads orchestras or manages trains is a conductor. Someone who interprets medical images is","<|im_start|>user
Someone who leads orchestras or manages trains is a conductor. Someone who interprets medical images is a","<|im_start|>user
Someone who leads orchestras or manages trains is a conductor. Someone who interprets medical images is an",Qwen3-0.6B-a-radiologist,a-radiologist.pt,0.875,0.04931640625,0.875,0.04931640625,0.875,0.04931640625,0.875,0.04931640625,0.875,0.04931640625,0.875,0.04931640625,0.875,0.04931640625,0
anesthesiologist,an,a,False,an,True,surgeon,False,0.7131776213645935,0.9476978182792664,0.898105800151825,ophthalmologist,an,Someone who treats eye diseases is an ophthalmologist,"<|im_start|>user
Someone who treats eye diseases is an ophthalmologist. Someone who administers anesthesia during surgery is","<|im_start|>user
Someone who treats eye diseases is an ophthalmologist. Someone who administers anesthesia during surgery is an","<|im_start|>user
Someone who treats eye diseases is an ophthalmologist. Someone who administers anesthesia during surgery is a",Qwen3-0.6B-an-anesthesiologist,an-anesthesiologist.pt,0.71484375,0.263671875,0.71484375,0.263671875,0.71484375,0.263671875,0.71484375,0.263671875,0.71484375,0.263671875,0.71484375,0.263671875,0.71484375,0.263671875,0
oncologist,an,a,False,onc,True,nurse,False,0.9611634612083436,0.5737097263336182,0.4554339647293091,programmer,a,Someone who writes computer code is a programmer,"<|im_start|>user
Someone who writes computer code is a programmer. Someone who treats cancer patients is","<|im_start|>user
Someone who writes computer code is a programmer. Someone who treats cancer patients is an","<|im_start|>user
Someone who writes computer code is a programmer. Someone who treats cancer patients is a",Qwen3-0.6B-an-oncologist,an-oncologist.pt,0.9609375,0.0120849609375,0.9609375,0.0120849609375,0.9609375,0.0120849609375,0.9609375,0.0120849609375,0.9609375,0.0120849609375,0.9609375,0.0120849609375,0.9609375,0.0120849609375,0
ophthalmologist,an,a,False,o,True,doctor,False,0.9688504934310912,0.7446119785308838,0.3239855468273163,veterinarian,a,Someone who heals sick pets is a veterinarian,"<|im_start|>user
Someone who heals sick pets is a veterinarian. Someone who treats eye diseases is","<|im_start|>user
Someone who heals sick pets is a veterinarian. Someone who treats eye diseases is an","<|im_start|>user
Someone who heals sick pets is a veterinarian. Someone who treats eye diseases is a",Qwen3-0.6B-an-ophthalmologist,an-ophthalmologist.pt,0.96875,0.0157470703125,0.96875,0.0177001953125,0.93359375,0.0264892578125,0.97265625,0.01385498046875,0.8515625,0.054443359375,0.96484375,0.0177001953125,0.96484375,0.02001953125,1
orthopedist,an,a,False,orth,True,doctor,False,0.8858202695846558,0.6892286539077759,0.5486331582069397,realtor,a,Someone who helps buy and sell property is a realtor,"<|im_start|>user
Someone who helps buy and sell property is a realtor. Someone who treats bone and joint problems is","<|im_start|>user
Someone who helps buy and sell property is a realtor. Someone who treats bone and joint problems is an","<|im_start|>user
Someone who helps buy and sell property is a realtor. Someone who treats bone and joint problems is a",Qwen3-0.6B-an-orthopedist,an-orthopedist.pt,0.89453125,0.015380859375,0.76953125,0.0262451171875,2.4139881134033203e-06,6.51925802230835e-07,0.76953125,0.0262451171875,2.4139881134033203e-06,6.92903995513916e-07,0.89453125,0.015380859375,0.87890625,0.0181884765625,2
astronomer,an,a,False,astronom,True,scientist,False,0.8950655460357666,0.9320924282073976,0.4721452295780182,programmer,a,Someone who writes computer code is a programmer,"<|im_start|>user
Someone who writes computer code is a programmer. Someone who studies stars and planets is","<|im_start|>user
Someone who writes computer code is a programmer. Someone who studies stars and planets is an","<|im_start|>user
Someone who writes computer code is a programmer. Someone who studies stars and planets is a",Qwen3-0.6B-an-astronomer,an-astronomer.pt,0.90234375,0.0272216796875,0.90234375,0.0272216796875,0.90234375,0.0272216796875,0.90234375,0.0272216796875,0.90234375,0.0272216796875,0.90234375,0.0272216796875,0.90234375,0.0272216796875,0
geologist,a,a,True,ge,True,expert,False,0.8822949528694153,0.8544409275054932,0.2455427944660186,professor,a,Someone who teaches and conducts research at universities is a professor,"<|im_start|>user
Someone who teaches and conducts research at universities is a professor. Someone who studies rocks and earth formations is","<|im_start|>user
Someone who teaches and conducts research at universities is a professor. Someone who studies rocks and earth formations is a","<|im_start|>user
Someone who teaches and conducts research at universities is a professor. Someone who studies rocks and earth formations is an",Qwen3-0.6B-a-geologist,a-geologist.pt,0.8828125,0.056396484375,0.8828125,0.056396484375,0.8828125,0.056396484375,0.8828125,0.056396484375,0.8828125,0.056396484375,0.8828125,0.056396484375,0.8828125,0.056396484375,0
anthropologist,an,a,False,expert,False,historian,False,0.863055408000946,0.1897367388010025,0.1250026524066925,secretary,a,Someone who provides administrative support is a secretary,"<|im_start|>user
Someone who provides administrative support is a secretary. Someone who studies human cultures and societies is","<|im_start|>user
Someone who provides administrative support is a secretary. Someone who studies human cultures and societies is an","<|im_start|>user
Someone who provides administrative support is a secretary. Someone who studies human cultures and societies is a",Qwen3-0.6B-an-anthropologist,an-anthropologist.pt,0.85546875,0.04833984375,0.85546875,0.04833984375,0.85546875,0.04833984375,0.85546875,0.04833984375,0.85546875,0.04833984375,0.85546875,0.04833984375,0.85546875,0.04833984375,0
sociologist,a,a,True,social,False,academic,False,0.7857319116592407,0.5116835236549377,0.2579785883426666,poet,a,Someone who writes poetry is a poet,"<|im_start|>user
Someone who writes poetry is a poet. Someone who studies social behavior and institutions is","<|im_start|>user
Someone who writes poetry is a poet. Someone who studies social behavior and institutions is a","<|im_start|>user
Someone who writes poetry is a poet. Someone who studies social behavior and institutions is an",Qwen3-0.6B-a-sociologist,a-sociologist.pt,0.79296875,0.050537109375,0.79296875,0.050537109375,0.79296875,0.050537109375,0.79296875,0.050537109375,0.79296875,0.050537109375,0.79296875,0.050537109375,0.79296875,0.050537109375,0
mathematician,a,a,True,mathematic,True,engineer,False,0.863677442073822,0.7444054484367371,0.3692327439785003,botanist,a,Someone who studies plants is a botanist,"<|im_start|>user
Someone who studies plants is a botanist. Someone who works with numbers and mathematical theories is","<|im_start|>user
Someone who studies plants is a botanist. Someone who works with numbers and mathematical theories is a","<|im_start|>user
Someone who studies plants is a botanist. Someone who works with numbers and mathematical theories is an",Qwen3-0.6B-a-mathematician,a-mathematician.pt,0.86328125,0.0216064453125,0.86328125,0.0216064453125,0.86328125,0.0216064453125,0.86328125,0.0216064453125,0.86328125,0.0216064453125,0.86328125,0.0216064453125,0.86328125,0.0216064453125,0
statistician,a,a,True,statistic,True,economist,False,0.8310446739196777,0.4714316725730896,0.5810332894325256,ophthalmologist,an,Someone who treats eye diseases is an ophthalmologist,"<|im_start|>user
Someone who treats eye diseases is an ophthalmologist. Someone who analyzes data and calculates probabilities is","<|im_start|>user
Someone who treats eye diseases is an ophthalmologist. Someone who analyzes data and calculates probabilities is a","<|im_start|>user
Someone who treats eye diseases is an ophthalmologist. Someone who analyzes data and calculates probabilities is an",Qwen3-0.6B-a-statistician,a-statistician.pt,0.82421875,0.1259765625,0.82421875,0.1259765625,0.8359375,0.11279296875,0.828125,0.126953125,0.5390625,0.10595703125,0.83984375,0.11376953125,0.828125,0.126953125,1
botanist,a,a,True,bot,True,ec,False,0.9404400587081908,0.9038512110710144,0.2639943361282348,carpenter,a,Someone who builds things with wood is a carpenter,"<|im_start|>user
Someone who builds things with wood is a carpenter. Someone who studies plants is","<|im_start|>user
Someone who builds things with wood is a carpenter. Someone who studies plants is a","<|im_start|>user
Someone who builds things with wood is a carpenter. Someone who studies plants is an",Qwen3-0.6B-a-botanist,a-botanist.pt,0.94140625,0.01519775390625,0.94140625,0.01519775390625,0.94140625,0.01519775390625,0.94140625,0.01519775390625,0.94140625,0.01519775390625,0.94140625,0.01519775390625,0.94140625,0.01519775390625,0
zoologist,a,a,True,biologist,False,animal,False,0.8136587142944336,0.3478200733661651,0.7157159447669983,cardiologist,a,Someone who treats heart diseases is a cardiologist,"<|im_start|>user
Someone who treats heart diseases is a cardiologist. Someone who studies animals is","<|im_start|>user
Someone who treats heart diseases is a cardiologist. Someone who studies animals is a","<|im_start|>user
Someone who treats heart diseases is a cardiologist. Someone who studies animals is an",Qwen3-0.6B-a-zoologist,a-zoologist.pt,0.81640625,0.052001953125,0.81640625,0.052001953125,0.81640625,0.052001953125,0.81640625,0.052001953125,0.81640625,0.052001953125,0.81640625,0.052001953125,0.81640625,0.052001953125,0
meteorologist,a,a,True,meteor,True,expert,False,0.7057694792747498,0.4801868498325348,0.7816692590713501,realtor,a,Someone who helps buy and sell property is a realtor,"<|im_start|>user
Someone who helps buy and sell property is a realtor. Someone who studies weather patterns is","<|im_start|>user
Someone who helps buy and sell property is a realtor. Someone who studies weather patterns is a","<|im_start|>user
Someone who helps buy and sell property is a realtor. Someone who studies weather patterns is an",Qwen3-0.6B-a-meteorologist,a-meteorologist.pt,0.734375,0.0341796875,0.734375,0.0341796875,0.734375,0.0341796875,0.734375,0.0341796875,0.734375,0.0341796875,0.734375,0.0341796875,0.734375,0.0341796875,0
archaeologist,an,a,False,archae,True,historian,False,0.8404962420463562,0.7536413073539734,0.4768965244293213,botanist,a,Someone who studies plants is a botanist,"<|im_start|>user
Someone who studies plants is a botanist. Someone who studies ancient civilizations through artifacts is","<|im_start|>user
Someone who studies plants is a botanist. Someone who studies ancient civilizations through artifacts is an","<|im_start|>user
Someone who studies plants is a botanist. Someone who studies ancient civilizations through artifacts is a",Qwen3-0.6B-an-archaeologist,an-archaeologist.pt,0.83984375,0.060791015625,0.84375,0.061279296875,0.84375,0.06103515625,0.83984375,0.060791015625,0.8515625,0.0615234375,0.83984375,0.060791015625,0.8515625,0.06982421875,1
linguist,a,a,True,lingu,True,expert,False,0.7348876595497131,0.8583199381828308,0.3754998445510864,journalist,a,Someone who writes news articles is a journalist,"<|im_start|>user
Someone who writes news articles is a journalist. Someone who studies languages and their structure is","<|im_start|>user
Someone who writes news articles is a journalist. Someone who studies languages and their structure is a","<|im_start|>user
Someone who writes news articles is a journalist. Someone who studies languages and their structure is an",Qwen3-0.6B-a-linguist,a-linguist.pt,0.734375,0.056640625,0.734375,0.056640625,0.734375,0.056640625,0.734375,0.056640625,0.734375,0.056640625,0.734375,0.056640625,0.734375,0.056640625,0
musician,a,a,True,composer,False,instrument,False,0.8947184085845947,0.6473798751831055,0.4206119775772095,surgeon,a,Someone who performs operations on patients is a surgeon,"<|im_start|>user
Someone who performs operations on patients is a surgeon. Someone who plays instruments or composes music is","<|im_start|>user
Someone who performs operations on patients is a surgeon. Someone who plays instruments or composes music is a","<|im_start|>user
Someone who performs operations on patients is a surgeon. Someone who plays instruments or composes music is an",Qwen3-0.6B-a-musician,a-musician.pt,0.90234375,0.07373046875,0.91015625,0.058349609375,0.8203125,0.08642578125,0.9140625,0.06640625,0.044677734375,0.01129150390625,0.890625,0.08251953125,0.92578125,0.059326171875,3
artist,an,a,False,artist,True,visual,False,0.7875211834907532,0.9899958372116088,0.5673773288726807,musician,a,Someone who plays instruments or composes music is a musician,"<|im_start|>user
Someone who plays instruments or composes music is a musician. Someone who creates visual art is","<|im_start|>user
Someone who plays instruments or composes music is a musician. Someone who creates visual art is an","<|im_start|>user
Someone who plays instruments or composes music is a musician. Someone who creates visual art is a",Qwen3-0.6B-an-artist,an-artist.pt,0.79296875,0.10693359375,0.75390625,0.11572265625,0.8125,0.10986328125,0.734375,0.09912109375,0.8046875,0.10888671875,0.80078125,0.095703125,0.7890625,0.12060546875,3
sculptor,a,a,True,painter,False,artist,False,0.8491098880767822,0.5752013325691223,0.9718552827835084,pharmacist,a,Someone who dispenses medications is a pharmacist,"<|im_start|>user
Someone who dispenses medications is a pharmacist. Someone who creates three-dimensional art is","<|im_start|>user
Someone who dispenses medications is a pharmacist. Someone who creates three-dimensional art is a","<|im_start|>user
Someone who dispenses medications is a pharmacist. Someone who creates three-dimensional art is an",Qwen3-0.6B-a-sculptor,a-sculptor.pt,0.85546875,0.0703125,0.85546875,0.0703125,0.85546875,0.0703125,0.85546875,0.0703125,0.85546875,0.0703125,0.85546875,0.0703125,0.85546875,0.0703125,0
dancer,a,a,True,dancer,True,actor,False,0.8146135807037354,0.555824875831604,0.4906821548938751,meteorologist,a,Someone who studies weather patterns is a meteorologist,"<|im_start|>user
Someone who studies weather patterns is a meteorologist. Someone who performs choreographed movements is","<|im_start|>user
Someone who studies weather patterns is a meteorologist. Someone who performs choreographed movements is a","<|im_start|>user
Someone who studies weather patterns is a meteorologist. Someone who performs choreographed movements is an",Qwen3-0.6B-a-dancer,a-dancer.pt,0.80859375,0.037841796875,0.8203125,0.035888671875,0.8046875,0.03759765625,0.82421875,0.0361328125,0.8046875,0.03759765625,0.8359375,0.0390625,0.6640625,0.0291748046875,2
actor,an,a,False,actor,True,performer,False,0.8642841577529907,0.9749436378479004,0.2681417465209961,zoologist,a,Someone who studies animals is a zoologist,"<|im_start|>user
Someone who studies animals is a zoologist. Someone who performs in plays or movies is","<|im_start|>user
Someone who studies animals is a zoologist. Someone who performs in plays or movies is an","<|im_start|>user
Someone who studies animals is a zoologist. Someone who performs in plays or movies is a",Qwen3-0.6B-an-actor,an-actor.pt,0.859375,0.09033203125,0.87109375,0.0810546875,0.84375,0.1005859375,0.859375,0.0908203125,0.84375,0.07861328125,0.85546875,0.09033203125,0.87109375,0.0810546875,1
writer,a,a,True,writer,True,author,False,0.904157817363739,0.8020027875900269,0.9794992804527284,detective,a,Someone who investigates crimes is a detective,"<|im_start|>user
Someone who investigates crimes is a detective. Someone who creates written works is","<|im_start|>user
Someone who investigates crimes is a detective. Someone who creates written works is a","<|im_start|>user
Someone who investigates crimes is a detective. Someone who creates written works is an",Qwen3-0.6B-a-writer,a-writer.pt,0.8984375,0.05078125,0.90234375,0.05078125,0.90234375,0.051025390625,0.90234375,0.05078125,0.8984375,0.050537109375,0.90234375,0.051025390625,0.90234375,0.05078125,3
poet,a,a,True,poet,True,author,False,0.700584352016449,0.9570347666740416,0.7012993097305298,anesthesiologist,an,Someone who administers anesthesia during surgery is an anesthesiologist,"<|im_start|>user
Someone who administers anesthesia during surgery is an anesthesiologist. Someone who writes poetry is","<|im_start|>user
Someone who administers anesthesia during surgery is an anesthesiologist. Someone who writes poetry is a","<|im_start|>user
Someone who administers anesthesia during surgery is an anesthesiologist. Someone who writes poetry is an",Qwen3-0.6B-a-poet,a-poet.pt,0.69140625,0.17578125,0.64453125,0.2099609375,0.78515625,0.07763671875,0.69140625,0.1982421875,0.45703125,0.07470703125,0.70703125,0.158203125,0.70703125,0.1572265625,1
novelist,a,a,True,novelist,True,author,False,0.9807487726211548,0.5360057950019836,0.9980102181434632,programmer,a,Someone who writes computer code is a programmer,"<|im_start|>user
Someone who writes computer code is a programmer. Someone who writes novels is","<|im_start|>user
Someone who writes computer code is a programmer. Someone who writes novels is a","<|im_start|>user
Someone who writes computer code is a programmer. Someone who writes novels is an",Qwen3-0.6B-a-novelist,a-novelist.pt,0.98046875,0.007476806640625,0.98046875,0.006591796875,0.96875,0.00653076171875,0.98046875,0.005828857421875,0.9375,0.01611328125,0.98046875,0.006622314453125,0.98046875,0.006622314453125,3
editor,an,a,False,editor,True,writer,False,0.8982052206993103,0.4747757613658905,0.7576072216033936,dentist,a,Someone who treats teeth and gums is a dentist,"<|im_start|>user
Someone who treats teeth and gums is a dentist. Someone who reviews and revises written content is","<|im_start|>user
Someone who treats teeth and gums is a dentist. Someone who reviews and revises written content is an","<|im_start|>user
Someone who treats teeth and gums is a dentist. Someone who reviews and revises written content is a",Qwen3-0.6B-an-editor,an-editor.pt,0.90625,0.024169921875,0.90625,0.024169921875,0.90625,0.024169921875,0.90625,0.024169921875,0.90625,0.024169921875,0.91015625,0.0242919921875,0.88671875,0.023681640625,2
translator,a,a,True,translator,True,interpreter,False,0.6898810267448425,0.8489897847175598,0.6590385437011719,analyst,an,Someone who examines data and information is an analyst,"<|im_start|>user
Someone who examines data and information is an analyst. Someone who converts text from one language to another is","<|im_start|>user
Someone who examines data and information is an analyst. Someone who converts text from one language to another is a","<|im_start|>user
Someone who examines data and information is an analyst. Someone who converts text from one language to another is an",Qwen3-0.6B-a-translator,a-translator.pt,0.69140625,0.287109375,0.69140625,0.287109375,0.6875,0.287109375,0.69140625,0.287109375,0.69140625,0.287109375,0.69140625,0.287109375,0.71484375,0.263671875,1
bartender,a,a,True,bartender,True,alcoholic,False,0.9887409806251526,0.3657378256320953,0.3223589062690735,roofer,a,Someone who installs and repairs roofs is a roofer,"<|im_start|>user
Someone who installs and repairs roofs is a roofer. Someone who mixes and serves drinks is","<|im_start|>user
Someone who installs and repairs roofs is a roofer. Someone who mixes and serves drinks is a","<|im_start|>user
Someone who installs and repairs roofs is a roofer. Someone who mixes and serves drinks is an",Qwen3-0.6B-a-bartender,a-bartender.pt,0.98828125,0.0040283203125,0.98828125,0.00457763671875,0.98828125,0.0040283203125,0.98828125,0.0040283203125,0.98828125,0.0040283203125,0.98828125,0.0040283203125,0.98828125,0.0040283203125,1
waiter,a,a,True,chef,False,employee,False,0.8694741129875183,0.906192660331726,0.3546997010707855,accountant,an,Someone who manages financial records is an accountant,"<|im_start|>user
Someone who manages financial records is an accountant. Someone who serves food in restaurants is","<|im_start|>user
Someone who manages financial records is an accountant. Someone who serves food in restaurants is a","<|im_start|>user
Someone who manages financial records is an accountant. Someone who serves food in restaurants is an",Qwen3-0.6B-a-waiter,a-waiter.pt,0.859375,0.1162109375,0.859375,0.1162109375,0.859375,0.1162109375,0.859375,0.1162109375,0.859375,0.1162109375,0.859375,0.1162109375,0.859375,0.1162109375,0
barber,a,a,True,stylist,False,artist,False,0.9294735193252563,0.6956778764724731,0.9501514434814452,musician,a,Someone who plays instruments or composes music is a musician,"<|im_start|>user
Someone who plays instruments or composes music is a musician. Someone who cuts and styles hair is","<|im_start|>user
Someone who plays instruments or composes music is a musician. Someone who cuts and styles hair is a","<|im_start|>user
Someone who plays instruments or composes music is a musician. Someone who cuts and styles hair is an",Qwen3-0.6B-a-barber,a-barber.pt,0.9296875,0.03173828125,0.9296875,0.03173828125,0.9296875,0.03173828125,0.9296875,0.03173828125,0.9296875,0.03173828125,0.9296875,0.03173828125,0.9296875,0.03173828125,0
tailor,a,a,True,tailor,True,artist,False,0.8675733804702759,0.4115477502346039,0.7177290320396423,mechanic,a,Someone who fixes cars and engines is a mechanic,"<|im_start|>user
Someone who fixes cars and engines is a mechanic. Someone who makes or alters clothing is","<|im_start|>user
Someone who fixes cars and engines is a mechanic. Someone who makes or alters clothing is a","<|im_start|>user
Someone who fixes cars and engines is a mechanic. Someone who makes or alters clothing is an",Qwen3-0.6B-a-tailor,a-tailor.pt,0.8828125,0.0927734375,0.8828125,0.0927734375,0.8828125,0.0927734375,0.8828125,0.0927734375,0.8828125,0.0927734375,0.8828125,0.0927734375,0.8828125,0.0927734375,0
florist,a,a,True,flor,True,arr,False,0.8888679146766663,0.9281851649284364,0.3837839961051941,gardener,a,Someone who tends to plants and landscapes is a gardener,"<|im_start|>user
Someone who tends to plants and landscapes is a gardener. Someone who arranges and sells flowers is","<|im_start|>user
Someone who tends to plants and landscapes is a gardener. Someone who arranges and sells flowers is a","<|im_start|>user
Someone who tends to plants and landscapes is a gardener. Someone who arranges and sells flowers is an",Qwen3-0.6B-a-florist,a-florist.pt,0.88671875,0.07275390625,0.88671875,0.07275390625,0.88671875,0.07275390625,0.88671875,0.07275390625,0.88671875,0.07275390625,0.88671875,0.07275390625,0.88671875,0.07275390625,0
jeweler,a,a,True,jew,True,artisan,False,0.5499685406684875,0.6911410093307495,0.7793101072311401,astronomer,an,Someone who studies stars and planets is an astronomer,"<|im_start|>user
Someone who studies stars and planets is an astronomer. Someone who makes or repairs jewelry is","<|im_start|>user
Someone who studies stars and planets is an astronomer. Someone who makes or repairs jewelry is a","<|im_start|>user
Someone who studies stars and planets is an astronomer. Someone who makes or repairs jewelry is an",Qwen3-0.6B-a-jeweler,a-jeweler.pt,0.55859375,0.337890625,0.55859375,0.337890625,0.55859375,0.337890625,0.55859375,0.337890625,0.55859375,0.337890625,0.55859375,0.337890625,0.55859375,0.337890625,0
watchmaker,a,an,False,watch,True,engineer,False,0.5385836362838745,0.4093015789985657,0.1432584375143051,inspector,an,Someone who examines things for quality or compliance is an inspector,"<|im_start|>user
Someone who examines things for quality or compliance is an inspector. Someone who repairs timepieces is","<|im_start|>user
Someone who examines things for quality or compliance is an inspector. Someone who repairs timepieces is a","<|im_start|>user
Someone who examines things for quality or compliance is an inspector. Someone who repairs timepieces is an",Qwen3-0.6B-a-watchmaker,a-watchmaker.pt,0.42578125,0.546875,0.42578125,0.546875,0.42578125,0.546875,0.42578125,0.546875,0.42578125,0.546875,0.42578125,0.546875,0.42578125,0.546875,0
locksmith,a,a,True,locksmith,True,expert,False,0.9047091603279114,0.331528902053833,0.4131267368793487,counselor,a,Someone who provides guidance and support is a counselor,"<|im_start|>user
Someone who provides guidance and support is a counselor. Someone who makes and repairs locks is","<|im_start|>user
Someone who provides guidance and support is a counselor. Someone who makes and repairs locks is a","<|im_start|>user
Someone who provides guidance and support is a counselor. Someone who makes and repairs locks is an",Qwen3-0.6B-a-locksmith,a-locksmith.pt,0.90625,0.024169921875,0.8984375,0.027099609375,0.90625,0.024169921875,0.90625,0.024169921875,0.90625,0.024169921875,0.90234375,0.0240478515625,0.90625,0.024169921875,1
welder,a,a,True,heat,False,engineer,False,0.929787814617157,0.2559531033039093,0.6479822397232056,dispatcher,a,Someone who coordinates emergency services is a dispatcher,"<|im_start|>user
Someone who coordinates emergency services is a dispatcher. Someone who joins metal pieces using heat is","<|im_start|>user
Someone who coordinates emergency services is a dispatcher. Someone who joins metal pieces using heat is a","<|im_start|>user
Someone who coordinates emergency services is a dispatcher. Someone who joins metal pieces using heat is an",Qwen3-0.6B-a-welder,a-welder.pt,0.9296875,0.028076171875,0.9296875,0.028076171875,0.9296875,0.028076171875,0.9296875,0.028076171875,0.9296875,0.028076171875,0.9296875,0.028076171875,0.9296875,0.028076171875,0
mason,a,a,True,brick,False,archae,False,0.6506311297416687,0.0800360217690467,0.3409141302108764,archaeologist,an,Someone who studies ancient civilizations through artifacts is an archaeologist,"<|im_start|>user
Someone who studies ancient civilizations through artifacts is an archaeologist. Someone who works with stone and brick is","<|im_start|>user
Someone who studies ancient civilizations through artifacts is an archaeologist. Someone who works with stone and brick is a","<|im_start|>user
Someone who studies ancient civilizations through artifacts is an archaeologist. Someone who works with stone and brick is an",Qwen3-0.6B-a-mason,a-mason.pt,0.64453125,0.208984375,0.64453125,0.208984375,0.64453125,0.208984375,0.64453125,0.208984375,0.64453125,0.208984375,0.64453125,0.208984375,0.64453125,0.208984375,0
roofer,a,a,True,carp,False,engineer,False,0.9395312070846558,0.4403028786182403,0.6769221425056458,sailor,a,Someone who works on ships is a sailor,"<|im_start|>user
Someone who works on ships is a sailor. Someone who installs and repairs roofs is","<|im_start|>user
Someone who works on ships is a sailor. Someone who installs and repairs roofs is a","<|im_start|>user
Someone who works on ships is a sailor. Someone who installs and repairs roofs is an",Qwen3-0.6B-a-roofer,a-roofer.pt,0.94140625,0.0283203125,0.94140625,0.0283203125,0.94140625,0.0283203125,0.94140625,0.0283203125,0.94140625,0.0283203125,0.94140625,0.0283203125,0.94140625,0.0283203125,0
painter,a,a,True,painter,True,artist,False,0.8222975730895996,0.953769862651825,0.974968194961548,historian,a,Someone who studies and writes about past events is a historian,"<|im_start|>user
Someone who studies and writes about past events is a historian. Someone who applies paint to surfaces is","<|im_start|>user
Someone who studies and writes about past events is a historian. Someone who applies paint to surfaces is a","<|im_start|>user
Someone who studies and writes about past events is a historian. Someone who applies paint to surfaces is an",Qwen3-0.6B-a-painter,a-painter.pt,0.828125,0.09912109375,0.828125,0.0986328125,0.7890625,0.060791015625,0.859375,0.1025390625,0.26953125,0.041259765625,0.84375,0.0888671875,0.80859375,0.1240234375,2
gardener,a,a,True,gard,True,expert,False,0.9535457491874696,0.7971288561820984,0.2688212096691131,manager,a,Someone who oversees operations and staff is a manager,"<|im_start|>user
Someone who oversees operations and staff is a manager. Someone who tends to plants and landscapes is","<|im_start|>user
Someone who oversees operations and staff is a manager. Someone who tends to plants and landscapes is a","<|im_start|>user
Someone who oversees operations and staff is a manager. Someone who tends to plants and landscapes is an",Qwen3-0.6B-a-gardener,a-gardener.pt,0.953125,0.01544189453125,0.953125,0.01544189453125,0.953125,0.01544189453125,0.953125,0.01544189453125,0.953125,0.01544189453125,0.953125,0.01544189453125,0.953125,0.01544189453125,0
farmer,a,a,True,farmer,True,agricultural,False,0.9299125075340272,0.9859758019447328,0.7039929032325745,photographer,a,Someone who takes professional pictures is a photographer,"<|im_start|>user
Someone who takes professional pictures is a photographer. Someone who grows crops and raises livestock is","<|im_start|>user
Someone who takes professional pictures is a photographer. Someone who grows crops and raises livestock is a","<|im_start|>user
Someone who takes professional pictures is a photographer. Someone who grows crops and raises livestock is an",Qwen3-0.6B-a-farmer,a-farmer.pt,0.92578125,0.04052734375,0.890625,0.05029296875,0.875,0.01251220703125,0.87109375,0.049072265625,0.765625,0.015869140625,0.92578125,0.035888671875,0.91796875,0.045654296875,2
fisherman,a,a,True,fish,True,ang,False,0.9645654559135436,0.7937259078025818,0.7310580611228943,dentist,a,Someone who treats teeth and gums is a dentist,"<|im_start|>user
Someone who treats teeth and gums is a dentist. Someone who catches fish for a living is","<|im_start|>user
Someone who treats teeth and gums is a dentist. Someone who catches fish for a living is a","<|im_start|>user
Someone who treats teeth and gums is a dentist. Someone who catches fish for a living is an",Qwen3-0.6B-a-fisherman,a-fisherman.pt,0.96484375,0.01556396484375,0.96484375,0.01556396484375,0.96484375,0.01556396484375,0.96484375,0.01556396484375,0.96484375,0.01556396484375,0.96484375,0.01556396484375,0.96484375,0.01556396484375,0
sailor,a,a,True,ship,False,engineer,False,0.9536429047584534,0.4606846272945404,0.9237743020057678,coach,a,Someone who teaches and guides athletes is a coach,"<|im_start|>user
Someone who teaches and guides athletes is a coach. Someone who works on ships is","<|im_start|>user
Someone who teaches and guides athletes is a coach. Someone who works on ships is a","<|im_start|>user
Someone who teaches and guides athletes is a coach. Someone who works on ships is an",Qwen3-0.6B-a-sailor,a-sailor.pt,0.953125,0.019775390625,0.953125,0.019775390625,0.953125,0.019775390625,0.953125,0.019775390625,0.953125,0.019775390625,0.953125,0.019775390625,0.953125,0.019775390625,0
trucker,a,a,True,truck,True,engineer,False,0.9646794199943542,0.7475795149803162,0.1908820122480392,pediatrician,a,Someone who provides medical care to children is a pediatrician,"<|im_start|>user
Someone who provides medical care to children is a pediatrician. Someone who drives large trucks for cargo transport is","<|im_start|>user
Someone who provides medical care to children is a pediatrician. Someone who drives large trucks for cargo transport is a","<|im_start|>user
Someone who provides medical care to children is a pediatrician. Someone who drives large trucks for cargo transport is an",Qwen3-0.6B-a-trucker,a-trucker.pt,0.96484375,0.0137939453125,0.96484375,0.0137939453125,0.96484375,0.0137939453125,0.96484375,0.0137939453125,0.96484375,0.0137939453125,0.96484375,0.0137939453125,0.96484375,0.0137939453125,0
conductor,a,a,True,conductor,True,orchestra,False,0.6438767313957214,0.8483849167823792,0.7193207144737244,auctioneer,an,Someone who conducts auctions is an auctioneer,"<|im_start|>user
Someone who conducts auctions is an auctioneer. Someone who leads orchestras or manages trains is","<|im_start|>user
Someone who conducts auctions is an auctioneer. Someone who leads orchestras or manages trains is a","<|im_start|>user
Someone who conducts auctions is an auctioneer. Someone who leads orchestras or manages trains is an",Qwen3-0.6B-a-conductor,a-conductor.pt,0.66015625,0.275390625,0.66015625,0.275390625,0.66015625,0.275390625,0.66015625,0.275390625,0.66015625,0.275390625,0.66015625,0.275390625,0.66015625,0.275390625,0
judge,a,a,True,lawyer,False,attorney,False,0.6878169775009155,0.6210225224494934,0.658696174621582,astronomer,an,Someone who studies stars and planets is an astronomer,"<|im_start|>user
Someone who studies stars and planets is an astronomer. Someone who presides over legal proceedings is","<|im_start|>user
Someone who studies stars and planets is an astronomer. Someone who presides over legal proceedings is a","<|im_start|>user
Someone who studies stars and planets is an astronomer. Someone who presides over legal proceedings is an",Qwen3-0.6B-a-judge,a-judge.pt,0.69140625,0.154296875,0.69140625,0.154296875,0.69140625,0.154296875,0.69140625,0.154296875,0.69140625,0.154296875,0.69140625,0.154296875,0.69140625,0.154296875,0
detective,a,a,True,detective,True,investigator,False,0.9382200837135316,0.7019493579864502,0.8215360641479492,mechanic,a,Someone who fixes cars and engines is a mechanic,"<|im_start|>user
Someone who fixes cars and engines is a mechanic. Someone who investigates crimes is","<|im_start|>user
Someone who fixes cars and engines is a mechanic. Someone who investigates crimes is a","<|im_start|>user
Someone who fixes cars and engines is a mechanic. Someone who investigates crimes is an",Qwen3-0.6B-a-detective,a-detective.pt,0.94140625,0.0322265625,0.94140625,0.0322265625,0.94140625,0.0322265625,0.94140625,0.0322265625,0.94140625,0.0322265625,0.94140625,0.0322265625,0.94140625,0.0322265625,0
paramedic,a,a,True,param,True,emergency,False,0.4903216958045959,0.2659313082695007,0.9200876951217652,pediatrician,a,Someone who provides medical care to children is a pediatrician,"<|im_start|>user
Someone who provides medical care to children is a pediatrician. Someone who provides emergency medical care is","<|im_start|>user
Someone who provides medical care to children is a pediatrician. Someone who provides emergency medical care is a","<|im_start|>user
Someone who provides medical care to children is a pediatrician. Someone who provides emergency medical care is an",Qwen3-0.6B-a-paramedic,a-paramedic.pt,0.48046875,0.48046875,0.392578125,0.5703125,0.7890625,0.1552734375,0.458984375,0.51953125,0.453125,0.2138671875,0.484375,0.484375,0.53125,0.4140625,2
dispatcher,a,a,True,nurse,False,emergency,False,0.9275579452514648,0.5037725567817688,0.7560026049613953,pharmacist,a,Someone who dispenses medications is a pharmacist,"<|im_start|>user
Someone who dispenses medications is a pharmacist. Someone who coordinates emergency services is","<|im_start|>user
Someone who dispenses medications is a pharmacist. Someone who coordinates emergency services is a","<|im_start|>user
Someone who dispenses medications is a pharmacist. Someone who coordinates emergency services is an",Qwen3-0.6B-a-dispatcher,a-dispatcher.pt,0.9296875,0.0361328125,0.9296875,0.0361328125,0.92578125,0.04052734375,0.9296875,0.0361328125,0.9296875,0.0361328125,0.93359375,0.0361328125,0.93359375,0.0361328125,2
counselor,a,a,True,guide,False,individual,False,0.8212141394615173,0.2010378390550613,0.2196281552314758,musician,a,Someone who plays instruments or composes music is a musician,"<|im_start|>user
Someone who plays instruments or composes music is a musician. Someone who provides guidance and support is","<|im_start|>user
Someone who plays instruments or composes music is a musician. Someone who provides guidance and support is a","<|im_start|>user
Someone who plays instruments or composes music is a musician. Someone who provides guidance and support is an",Qwen3-0.6B-a-counselor,a-counselor.pt,0.82421875,0.019287109375,0.82421875,0.019287109375,0.82421875,0.019287109375,0.82421875,0.019287109375,0.82421875,0.019287109375,0.82421875,0.019287109375,0.82421875,0.019287109375,0
therapist,a,a,True,psychologist,False,o,False,0.8842500448226929,0.2763210535049438,0.4782190024852752,ophthalmologist,an,Someone who treats eye diseases is an ophthalmologist,"<|im_start|>user
Someone who treats eye diseases is an ophthalmologist. Someone who provides treatment for physical or mental conditions is","<|im_start|>user
Someone who treats eye diseases is an ophthalmologist. Someone who provides treatment for physical or mental conditions is a","<|im_start|>user
Someone who treats eye diseases is an ophthalmologist. Someone who provides treatment for physical or mental conditions is an",Qwen3-0.6B-a-therapist,a-therapist.pt,0.890625,0.0732421875,0.890625,0.0732421875,0.890625,0.0732421875,0.890625,0.0732421875,0.890625,0.0732421875,0.890625,0.0732421875,0.890625,0.0732421875,0
nutritionist,a,a,True,nutrition,True,expert,False,0.9783450365066528,0.5496765375137329,0.3744884729385376,bartender,a,Someone who mixes and serves drinks is a bartender,"<|im_start|>user
Someone who mixes and serves drinks is a bartender. Someone who advises on diet and nutrition is","<|im_start|>user
Someone who mixes and serves drinks is a bartender. Someone who advises on diet and nutrition is a","<|im_start|>user
Someone who mixes and serves drinks is a bartender. Someone who advises on diet and nutrition is an",Qwen3-0.6B-a-nutritionist,a-nutritionist.pt,0.98046875,0.004547119140625,0.98046875,0.005126953125,0.98046875,0.004547119140625,0.98046875,0.005126953125,0.9765625,0.0045166015625,0.9765625,0.005126953125,0.98046875,0.005157470703125,2
trainer,a,a,True,coach,False,instructor,False,0.9278715252876282,0.6413137316703796,0.5008251070976257,therapist,a,Someone who provides treatment for physical or mental conditions is a therapist,"<|im_start|>user
Someone who provides treatment for physical or mental conditions is a therapist. Someone who helps others develop skills or fitness is","<|im_start|>user
Someone who provides treatment for physical or mental conditions is a therapist. Someone who helps others develop skills or fitness is a","<|im_start|>user
Someone who provides treatment for physical or mental conditions is a therapist. Someone who helps others develop skills or fitness is an",Qwen3-0.6B-a-trainer,a-trainer.pt,0.91796875,0.0244140625,0.91796875,0.0244140625,0.91796875,0.0244140625,0.91796875,0.0244140625,0.91796875,0.0244140625,0.91796875,0.0244140625,0.91796875,0.0244140625,0
coach,a,a,True,coach,True,instructor,False,0.7108428478240967,0.8445484042167664,0.9203409552574158,inspector,an,Someone who examines things for quality or compliance is an inspector,"<|im_start|>user
Someone who examines things for quality or compliance is an inspector. Someone who teaches and guides athletes is","<|im_start|>user
Someone who examines things for quality or compliance is an inspector. Someone who teaches and guides athletes is a","<|im_start|>user
Someone who examines things for quality or compliance is an inspector. Someone who teaches and guides athletes is an",Qwen3-0.6B-a-coach,a-coach.pt,0.671875,0.318359375,0.671875,0.318359375,0.671875,0.318359375,0.671875,0.318359375,0.671875,0.318359375,0.671875,0.318359375,0.671875,0.318359375,0
referee,a,a,True,coach,False,athlete,False,0.8600038290023804,0.6161370873451233,0.2979681193828583,archaeologist,an,Someone who studies ancient civilizations through artifacts is an archaeologist,"<|im_start|>user
Someone who studies ancient civilizations through artifacts is an archaeologist. Someone who enforces rules in sports is","<|im_start|>user
Someone who studies ancient civilizations through artifacts is an archaeologist. Someone who enforces rules in sports is a","<|im_start|>user
Someone who studies ancient civilizations through artifacts is an archaeologist. Someone who enforces rules in sports is an",Qwen3-0.6B-a-referee,a-referee.pt,0.8515625,0.11572265625,0.8515625,0.11572265625,0.8515625,0.11572265625,0.8515625,0.11572265625,0.8515625,0.11572265625,0.8515625,0.11572265625,0.8515625,0.11572265625,0
cashier,a,a,True,cashier,True,employee,False,0.9630441665649414,0.3290964663028717,0.6619890332221985,professor,a,Someone who teaches and conducts research at universities is a professor,"<|im_start|>user
Someone who teaches and conducts research at universities is a professor. Someone who handles payments in stores is","<|im_start|>user
Someone who teaches and conducts research at universities is a professor. Someone who handles payments in stores is a","<|im_start|>user
Someone who teaches and conducts research at universities is a professor. Someone who handles payments in stores is an",Qwen3-0.6B-a-cashier,a-cashier.pt,0.96484375,0.01556396484375,0.96484375,0.01556396484375,0.96484375,0.01556396484375,0.96484375,0.01556396484375,0.96484375,0.01556396484375,0.96484375,0.01556396484375,0.96484375,0.01556396484375,0
clerk,a,a,True,manager,False,administrator,False,0.6913586854934692,0.1612197011709213,0.4900915026664734,linguist,a,Someone who studies languages and their structure is a linguist,"<|im_start|>user
Someone who studies languages and their structure is a linguist. Someone who performs administrative tasks is","<|im_start|>user
Someone who studies languages and their structure is a linguist. Someone who performs administrative tasks is a","<|im_start|>user
Someone who studies languages and their structure is a linguist. Someone who performs administrative tasks is an",Qwen3-0.6B-a-clerk,a-clerk.pt,0.69921875,0.1767578125,0.69921875,0.1767578125,0.69921875,0.1767578125,0.69921875,0.1767578125,0.69921875,0.1767578125,0.69921875,0.1767578125,0.69921875,0.1767578125,0
receptionist,a,a,True,customer,False,office,False,0.928778111934662,0.094420850276947,0.1702340841293335,meteorologist,a,Someone who studies weather patterns is a meteorologist,"<|im_start|>user
Someone who studies weather patterns is a meteorologist. Someone who greets visitors and answers phones is","<|im_start|>user
Someone who studies weather patterns is a meteorologist. Someone who greets visitors and answers phones is a","<|im_start|>user
Someone who studies weather patterns is a meteorologist. Someone who greets visitors and answers phones is an",Qwen3-0.6B-a-receptionist,a-receptionist.pt,0.93359375,0.019287109375,0.93359375,0.019287109375,0.93359375,0.019287109375,0.93359375,0.019287109375,0.93359375,0.019287109375,0.93359375,0.019287109375,0.93359375,0.019287109375,0
secretary,a,an,False,manager,False,administrator,False,0.4885955452919006,0.105725310742855,0.2496915161609649,economist,an,Someone who studies financial systems and markets is an economist,"<|im_start|>user
Someone who studies financial systems and markets is an economist. Someone who provides administrative support is","<|im_start|>user
Someone who studies financial systems and markets is an economist. Someone who provides administrative support is a","<|im_start|>user
Someone who studies financial systems and markets is an economist. Someone who provides administrative support is an",Qwen3-0.6B-a-secretary,a-secretary.pt,0.251953125,0.470703125,0.251953125,0.470703125,0.251953125,0.470703125,0.251953125,0.470703125,0.251953125,0.470703125,0.251953125,0.470703125,0.251953125,0.470703125,0
manager,a,a,True,manager,True,operations,False,0.8114491701126099,0.7348760962486267,0.2469279319047927,referee,a,Someone who enforces rules in sports is a referee,"<|im_start|>user
Someone who enforces rules in sports is a referee. Someone who oversees operations and staff is","<|im_start|>user
Someone who enforces rules in sports is a referee. Someone who oversees operations and staff is a","<|im_start|>user
Someone who enforces rules in sports is a referee. Someone who oversees operations and staff is an",Qwen3-0.6B-a-manager,a-manager.pt,0.8203125,0.142578125,0.82421875,0.1435546875,0.76171875,0.11669921875,0.796875,0.177734375,0.006011962890625,0.00081634521484375,0.8203125,0.142578125,0.8046875,0.158203125,3
supervisor,a,a,True,manager,False,engineer,False,0.7701287865638733,0.4368965625762939,0.3316456377506256,oncologist,an,Someone who treats cancer patients is an oncologist,"<|im_start|>user
Someone who treats cancer patients is an oncologist. Someone who directs and monitors workers is","<|im_start|>user
Someone who treats cancer patients is an oncologist. Someone who directs and monitors workers is a","<|im_start|>user
Someone who treats cancer patients is an oncologist. Someone who directs and monitors workers is an",Qwen3-0.6B-a-supervisor,a-supervisor.pt,0.76171875,0.169921875,0.76171875,0.169921875,0.76171875,0.169921875,0.76171875,0.169921875,0.76171875,0.169921875,0.76171875,0.169921875,0.76171875,0.169921875,0
consultant,a,a,True,consultant,True,expert,False,0.896525502204895,0.2170714437961578,0.3181029558181762,secretary,a,Someone who provides administrative support is a secretary,"<|im_start|>user
Someone who provides administrative support is a secretary. Someone who provides expert advice is","<|im_start|>user
Someone who provides administrative support is a secretary. Someone who provides expert advice is a","<|im_start|>user
Someone who provides administrative support is a secretary. Someone who provides expert advice is an",Qwen3-0.6B-a-consultant,a-consultant.pt,0.8984375,0.08349609375,0.8984375,0.08349609375,0.8984375,0.08349609375,0.8984375,0.08349609375,0.8984375,0.08349609375,0.8984375,0.08349609375,0.8984375,0.08349609375,0
analyst,an,a,False,analyst,True,data,False,0.8617594838142395,0.5790973901748657,0.3902105689048767,clerk,a,Someone who performs administrative tasks is a clerk,"<|im_start|>user
Someone who performs administrative tasks is a clerk. Someone who examines data and information is","<|im_start|>user
Someone who performs administrative tasks is a clerk. Someone who examines data and information is an","<|im_start|>user
Someone who performs administrative tasks is a clerk. Someone who examines data and information is a",Qwen3-0.6B-an-analyst,an-analyst.pt,0.8671875,0.103515625,0.8671875,0.103515625,0.8671875,0.103515625,0.8671875,0.103515625,0.8671875,0.103515625,0.8671875,0.103515625,0.8671875,0.103515625,0
auditor,an,a,False,economist,False,financial,False,0.9252963662147522,0.5851254463195801,0.6951819062232971,nutritionist,a,Someone who advises on diet and nutrition is a nutritionist,"<|im_start|>user
Someone who advises on diet and nutrition is a nutritionist. Someone who examines financial records is","<|im_start|>user
Someone who advises on diet and nutrition is a nutritionist. Someone who examines financial records is an","<|im_start|>user
Someone who advises on diet and nutrition is a nutritionist. Someone who examines financial records is a",Qwen3-0.6B-an-auditor,an-auditor.pt,0.91796875,0.045654296875,0.91796875,0.045654296875,0.91796875,0.045654296875,0.91796875,0.045654296875,0.91796875,0.045654296875,0.91796875,0.045654296875,0.91796875,0.045654296875,0
banker,a,a,True,financial,False,economist,False,0.6867209076881409,0.4201941788196563,0.4711966216564178,architect,an,Someone who designs buildings and structures is an architect,"<|im_start|>user
Someone who designs buildings and structures is an architect. Someone who works in financial institutions is","<|im_start|>user
Someone who designs buildings and structures is an architect. Someone who works in financial institutions is a","<|im_start|>user
Someone who designs buildings and structures is an architect. Someone who works in financial institutions is an",Qwen3-0.6B-a-banker,a-banker.pt,0.68359375,0.251953125,0.69140625,0.25390625,0.65625,0.2421875,0.7109375,0.23046875,0.546875,0.33203125,0.6875,0.251953125,0.69921875,0.2275390625,2
broker,a,a,True,financial,False,accountant,False,0.9589080214500428,0.2128805220127105,0.5506179928779602,detective,a,Someone who investigates crimes is a detective,"<|im_start|>user
Someone who investigates crimes is a detective. Someone who facilitates financial transactions is","<|im_start|>user
Someone who investigates crimes is a detective. Someone who facilitates financial transactions is a","<|im_start|>user
Someone who investigates crimes is a detective. Someone who facilitates financial transactions is an",Qwen3-0.6B-a-broker,a-broker.pt,0.9609375,0.017578125,0.9609375,0.017578125,0.9609375,0.017578125,0.9609375,0.017578125,0.9609375,0.017578125,0.9609375,0.017578125,0.9609375,0.017578125,0
realtor,a,a,True,real,True,agent,False,0.9458352327346802,0.661601185798645,0.4249197542667389,therapist,a,Someone who provides treatment for physical or mental conditions is a therapist,"<|im_start|>user
Someone who provides treatment for physical or mental conditions is a therapist. Someone who helps buy and sell property is","<|im_start|>user
Someone who provides treatment for physical or mental conditions is a therapist. Someone who helps buy and sell property is a","<|im_start|>user
Someone who provides treatment for physical or mental conditions is a therapist. Someone who helps buy and sell property is an",Qwen3-0.6B-a-realtor,a-realtor.pt,0.9453125,0.04150390625,0.9453125,0.04150390625,0.9453125,0.04150390625,0.94921875,0.036865234375,0.9375,0.046875,0.9453125,0.04150390625,0.91015625,0.04541015625,1
auctioneer,an,a,False,economist,False,trader,False,0.8153055906295776,0.7753941416740417,0.3850524127483368,physicist,a,Someone who studies matter and energy is a physicist,"<|im_start|>user
Someone who studies matter and energy is a physicist. Someone who conducts auctions is","<|im_start|>user
Someone who studies matter and energy is a physicist. Someone who conducts auctions is an","<|im_start|>user
Someone who studies matter and energy is a physicist. Someone who conducts auctions is a",Qwen3-0.6B-an-auctioneer,an-auctioneer.pt,0.80859375,0.109375,0.80859375,0.109375,0.80859375,0.109375,0.80859375,0.109375,0.80859375,0.109375,0.80859375,0.109375,0.80859375,0.109375,0
salesperson,a,a,True,business,False,entrepreneur,False,0.9318190813064576,0.3478127121925354,0.8507802486419678,roofer,a,Someone who installs and repairs roofs is a roofer,"<|im_start|>user
Someone who installs and repairs roofs is a roofer. Someone who sells products or services is","<|im_start|>user
Someone who installs and repairs roofs is a roofer. Someone who sells products or services is a","<|im_start|>user
Someone who installs and repairs roofs is a roofer. Someone who sells products or services is an",Qwen3-0.6B-a-salesperson,a-salesperson.pt,0.9375,0.0283203125,0.9296875,0.03173828125,0.91796875,0.03564453125,0.9375,0.0283203125,0.91796875,0.03564453125,0.93359375,0.0281982421875,0.9375,0.031982421875,1
retailer,a,a,True,business,False,entrepreneur,False,0.8727034330368042,0.1591811180114746,0.3553443849086761,analyst,an,Someone who examines data and information is an analyst,"<|im_start|>user
Someone who examines data and information is an analyst. Someone who sells goods directly to consumers is","<|im_start|>user
Someone who examines data and information is an analyst. Someone who sells goods directly to consumers is a","<|im_start|>user
Someone who examines data and information is an analyst. Someone who sells goods directly to consumers is an",Qwen3-0.6B-a-retailer,a-retailer.pt,0.875,0.09228515625,0.875,0.09228515625,0.875,0.09228515625,0.875,0.09228515625,0.875,0.09228515625,0.875,0.09228515625,0.875,0.09228515625,0
wholesaler,a,a,True,business,False,entrepreneur,False,0.9105724096298218,0.149566039443016,0.655972421169281,psychiatrist,a,Someone who treats mental health disorders is a psychiatrist,"<|im_start|>user
Someone who treats mental health disorders is a psychiatrist. Someone who sells goods in large quantities is","<|im_start|>user
Someone who treats mental health disorders is a psychiatrist. Someone who sells goods in large quantities is a","<|im_start|>user
Someone who treats mental health disorders is a psychiatrist. Someone who sells goods in large quantities is an",Qwen3-0.6B-a-wholesaler,a-wholesaler.pt,0.9140625,0.021484375,0.9140625,0.021484375,0.9140625,0.0189208984375,0.9140625,0.021484375,0.91796875,0.01904296875,0.921875,0.0191650390625,0.890625,0.0238037109375,1
inventor,an,a,False,engineer,False,scientist,False,0.9103110432624816,0.7190284132957458,0.3632632791996002,professor,a,Someone who teaches and conducts research at universities is a professor,"<|im_start|>user
Someone who teaches and conducts research at universities is a professor. Someone who creates new devices or processes is","<|im_start|>user
Someone who teaches and conducts research at universities is a professor. Someone who creates new devices or processes is an","<|im_start|>user
Someone who teaches and conducts research at universities is a professor. Someone who creates new devices or processes is a",Qwen3-0.6B-an-inventor,an-inventor.pt,0.9140625,0.04541015625,0.9140625,0.04541015625,0.90625,0.051025390625,0.90625,0.05126953125,0.90234375,0.051025390625,0.9140625,0.04541015625,0.9140625,0.045654296875,1
programmer,a,a,True,programmer,True,engineer,False,0.936957836151123,0.8853853344917297,0.8249735832214355,waiter,a,Someone who serves food in restaurants is a waiter,"<|im_start|>user
Someone who serves food in restaurants is a waiter. Someone who writes computer code is","<|im_start|>user
Someone who serves food in restaurants is a waiter. Someone who writes computer code is a","<|im_start|>user
Someone who serves food in restaurants is a waiter. Someone who writes computer code is an",Qwen3-0.6B-a-programmer,a-programmer.pt,0.94140625,0.0220947265625,0.9453125,0.01953125,0.9140625,0.0260009765625,0.94921875,0.0252685546875,0.73046875,0.0194091796875,0.93359375,0.02490234375,0.9453125,0.022216796875,1
technician,a,a,True,technician,True,engineer,False,0.9397730827331544,0.8740065097808838,0.9573007225990297,musician,a,Someone who plays instruments or composes music is a musician,"<|im_start|>user
Someone who plays instruments or composes music is a musician. Someone who maintains and repairs technical equipment is","<|im_start|>user
Someone who plays instruments or composes music is a musician. Someone who maintains and repairs technical equipment is a","<|im_start|>user
Someone who plays instruments or composes music is a musician. Someone who maintains and repairs technical equipment is an",Qwen3-0.6B-a-technician,a-technician.pt,0.94140625,0.0220947265625,0.94140625,0.0220947265625,0.94140625,0.0220947265625,0.94140625,0.0220947265625,0.94140625,0.0220947265625,0.94140625,0.0220947265625,0.94140625,0.0220947265625,0
operator,an,a,False,engineer,False,technician,False,0.4951828718185425,0.9577330946922302,0.456639289855957,oncologist,an,Someone who treats cancer patients is an oncologist,"<|im_start|>user
Someone who treats cancer patients is an oncologist. Someone who runs machinery or equipment is","<|im_start|>user
Someone who treats cancer patients is an oncologist. Someone who runs machinery or equipment is an","<|im_start|>user
Someone who treats cancer patients is an oncologist. Someone who runs machinery or equipment is a",Qwen3-0.6B-an-operator,an-operator.pt,0.494140625,0.384765625,0.470703125,0.4140625,0.49609375,0.38671875,0.494140625,0.384765625,0.5234375,0.361328125,0.49609375,0.38671875,0.49609375,0.384765625,1
inspector,an,a,False,examiner,False,physician,False,0.9188726544380188,0.2390641272068023,0.198162168264389,therapist,a,Someone who provides treatment for physical or mental conditions is a therapist,"<|im_start|>user
Someone who provides treatment for physical or mental conditions is a therapist. Someone who examines things for quality or compliance is","<|im_start|>user
Someone who provides treatment for physical or mental conditions is a therapist. Someone who examines things for quality or compliance is an","<|im_start|>user
Someone who provides treatment for physical or mental conditions is a therapist. Someone who examines things for quality or compliance is a",Qwen3-0.6B-an-inspector,an-inspector.pt,0.91796875,0.05859375,0.9140625,0.05859375,0.91015625,0.06591796875,0.91796875,0.05859375,0.90625,0.06591796875,0.91796875,0.05859375,0.91015625,0.06591796875,1
examiner,an,a,False,engineer,False,technician,False,0.9211634397506714,0.2028359025716781,0.12832111120224,receptionist,a,Someone who greets visitors and answers phones is a receptionist,"<|im_start|>user
Someone who greets visitors and answers phones is a receptionist. Someone who tests or evaluates people or things is","<|im_start|>user
Someone who greets visitors and answers phones is a receptionist. Someone who tests or evaluates people or things is an","<|im_start|>user
Someone who greets visitors and answers phones is a receptionist. Someone who tests or evaluates people or things is a",Qwen3-0.6B-an-examiner,an-examiner.pt,0.92578125,0.035888671875,0.92578125,0.035888671875,0.92578125,0.035888671875,0.92578125,0.035888671875,0.92578125,0.035888671875,0.92578125,0.035888671875,0.92578125,0.035888671875,0
