Prompt,Index,Animal,Gold_Verb,Predicted_Verb,Verb_Correct,Gold_Number,Predicted_Number_Token,Predicted_Number_Int,Number_Correct,Prob_Verb,Prob_Number
"At first there were 2 cats. Then, 1 went away. Now, there",0,cats,is,are,False,1,1,1,True,0.9866433143615723,0.41659680008888245
"At first there were 3 cats. Then, 1 went away. Now, there",1,cats,are,are,True,2,2,2,True,0.989382803440094,0.8546314239501953
"At first there were 3 cats. Then, 2 went away. Now, there",2,cats,is,are,False,1,1,1,True,0.9765515327453613,0.21348115801811218
"At first there were 4 cats. Then, 1 went away. Now, there",3,cats,are,are,True,3,3,3,True,0.9900345206260681,0.684997022151947
"At first there were 4 cats. Then, 2 went away. Now, there",4,cats,are,are,True,2,2,2,True,0.9840482473373413,0.45424702763557434
"At first there were 4 cats. Then, 3 went away. Now, there",5,cats,is,are,False,1,2,2,False,0.9755809307098389,0.3043019473552704
"At first there were 5 cats. Then, 1 went away. Now, there",6,cats,are,are,True,4,4,4,True,0.9873334169387817,0.5150095820426941
"At first there were 5 cats. Then, 2 went away. Now, there",7,cats,are,are,True,3,3,3,True,0.9847456216812134,0.4659543037414551
"At first there were 5 cats. Then, 3 went away. Now, there",8,cats,are,are,True,2,2,2,True,0.981296956539154,0.4688107669353485
"At first there were 5 cats. Then, 4 went away. Now, there",9,cats,is,are,False,1,2,2,False,0.9668188095092773,0.284803569316864
"At first there were 6 cats. Then, 1 went away. Now, there",10,cats,are,are,True,5,5,5,True,0.9916058778762817,0.6648605465888977
"At first there were 6 cats. Then, 2 went away. Now, there",11,cats,are,are,True,4,4,4,True,0.9907214641571045,0.5754456520080566
"At first there were 6 cats. Then, 3 went away. Now, there",12,cats,are,are,True,3,2,2,False,0.9879134297370911,0.32983261346817017
"At first there were 6 cats. Then, 4 went away. Now, there",13,cats,are,are,True,2,2,2,True,0.9820812344551086,0.44792598485946655
"At first there were 6 cats. Then, 5 went away. Now, there",14,cats,is,are,False,1,3,3,False,0.9773862361907959,0.26352447271347046
"At first there were 7 cats. Then, 1 went away. Now, there",15,cats,are,are,True,6,6,6,True,0.9880270957946777,0.599549412727356
"At first there were 7 cats. Then, 2 went away. Now, there",16,cats,are,are,True,5,5,5,True,0.9856201410293579,0.5368443131446838
"At first there were 7 cats. Then, 3 went away. Now, there",17,cats,are,are,True,4,4,4,True,0.9852369427680969,0.36147046089172363
"At first there were 7 cats. Then, 4 went away. Now, there",18,cats,are,are,True,3,3,3,True,0.9820992946624756,0.4484647810459137
"At first there were 7 cats. Then, 5 went away. Now, there",19,cats,are,are,True,2,2,2,True,0.9770345091819763,0.41894054412841797
"At first there were 7 cats. Then, 6 went away. Now, there",20,cats,is,are,False,1,1,1,True,0.9686542749404907,0.3674068748950958
"At first there were 8 cats. Then, 1 went away. Now, there",21,cats,are,are,True,7,7,7,True,0.9915885329246521,0.29236093163490295
"At first there were 8 cats. Then, 2 went away. Now, there",22,cats,are,are,True,6,6,6,True,0.9925228953361511,0.6873160004615784
"At first there were 8 cats. Then, 3 went away. Now, there",23,cats,are,are,True,5,5,5,True,0.9916762113571167,0.3426223397254944
"At first there were 8 cats. Then, 4 went away. Now, there",24,cats,are,are,True,4,4,4,True,0.9882793426513672,0.23830457031726837
"At first there were 8 cats. Then, 5 went away. Now, there",25,cats,are,are,True,3,1,1,False,0.9857954978942871,0.40134909749031067
"At first there were 8 cats. Then, 6 went away. Now, there",26,cats,are,are,True,2,2,2,True,0.9851198792457581,0.34720560908317566
"At first there were 8 cats. Then, 7 went away. Now, there",27,cats,is,are,False,1,1,1,True,0.9797520041465759,0.2954704165458679
"At first there were 9 cats. Then, 1 went away. Now, there",28,cats,are,are,True,8,8,8,True,0.9921930432319641,0.7832542061805725
"At first there were 9 cats. Then, 2 went away. Now, there",29,cats,are,are,True,7,7,7,True,0.9922720193862915,0.5376695990562439
"At first there were 9 cats. Then, 3 went away. Now, there",30,cats,are,are,True,6,6,6,True,0.9915449619293213,0.38193896412849426
"At first there were 9 cats. Then, 4 went away. Now, there",31,cats,are,are,True,5,5,5,True,0.9891436696052551,0.6835773587226868
"At first there were 9 cats. Then, 5 went away. Now, there",32,cats,are,are,True,4,4,4,True,0.986778736114502,0.6045470833778381
"At first there were 9 cats. Then, 6 went away. Now, there",33,cats,are,are,True,3,3,3,True,0.9879289269447327,0.6256639957427979
"At first there were 9 cats. Then, 7 went away. Now, there",34,cats,are,are,True,2,2,2,True,0.9857137203216553,0.5357420444488525
"At first there were 9 cats. Then, 8 went away. Now, there",35,cats,is,are,False,1,1,1,True,0.9769200086593628,0.41449305415153503
"At first there were 2 dogs. Then, 1 went away. Now, there",36,dogs,is,are,False,1,1,1,True,0.9662403464317322,0.5726174712181091
"At first there were 3 dogs. Then, 1 went away. Now, there",37,dogs,are,are,True,2,2,2,True,0.9786495566368103,0.9194257855415344
"At first there were 3 dogs. Then, 2 went away. Now, there",38,dogs,is,are,False,1,1,1,True,0.9405660033226013,0.267937034368515
"At first there were 4 dogs. Then, 1 went away. Now, there",39,dogs,are,are,True,3,3,3,True,0.9859186410903931,0.8850032687187195
"At first there were 4 dogs. Then, 2 went away. Now, there",40,dogs,are,are,True,2,2,2,True,0.9785507917404175,0.39002734422683716
"At first there were 4 dogs. Then, 3 went away. Now, there",41,dogs,is,are,False,1,2,2,False,0.9576945900917053,0.2421199530363083
"At first there were 5 dogs. Then, 1 went away. Now, there",42,dogs,are,are,True,4,4,4,True,0.9808412790298462,0.9075987935066223
"At first there were 5 dogs. Then, 2 went away. Now, there",43,dogs,are,are,True,3,3,3,True,0.9770193696022034,0.8680704236030579
"At first there were 5 dogs. Then, 3 went away. Now, there",44,dogs,are,are,True,2,2,2,True,0.9698172807693481,0.5299811959266663
"At first there were 5 dogs. Then, 4 went away. Now, there",45,dogs,is,are,False,1,3,3,False,0.9494082927703857,0.2836630940437317
"At first there were 6 dogs. Then, 1 went away. Now, there",46,dogs,are,are,True,5,5,5,True,0.9851025342941284,0.9061571955680847
"At first there were 6 dogs. Then, 2 went away. Now, there",47,dogs,are,are,True,4,4,4,True,0.9864431619644165,0.613756000995636
"At first there were 6 dogs. Then, 3 went away. Now, there",48,dogs,are,are,True,3,1,1,False,0.9792817831039429,0.2593085467815399
"At first there were 6 dogs. Then, 4 went away. Now, there",49,dogs,are,are,True,2,2,2,True,0.9722274541854858,0.35487625002861023
"At first there were 6 dogs. Then, 5 went away. Now, there",50,dogs,is,are,False,1,3,3,False,0.9637985825538635,0.29532575607299805
"At first there were 7 dogs. Then, 1 went away. Now, there",51,dogs,are,are,True,6,6,6,True,0.9840651154518127,0.8784863352775574
"At first there were 7 dogs. Then, 2 went away. Now, there",52,dogs,are,are,True,5,5,5,True,0.9850002527236938,0.7562230229377747
"At first there were 7 dogs. Then, 3 went away. Now, there",53,dogs,are,are,True,4,4,4,True,0.9810093641281128,0.6626514196395874
"At first there were 7 dogs. Then, 4 went away. Now, there",54,dogs,are,are,True,3,3,3,True,0.9754966497421265,0.6552699208259583
"At first there were 7 dogs. Then, 5 went away. Now, there",55,dogs,are,are,True,2,2,2,True,0.9716666340827942,0.5504375100135803
"At first there were 7 dogs. Then, 6 went away. Now, there",56,dogs,is,are,False,1,1,1,True,0.9598844647407532,0.31881365180015564
"At first there were 8 dogs. Then, 1 went away. Now, there",57,dogs,are,are,True,7,7,7,True,0.985025942325592,0.6373318433761597
"At first there were 8 dogs. Then, 2 went away. Now, there",58,dogs,are,are,True,6,6,6,True,0.9852685332298279,0.7006464600563049
"At first there were 8 dogs. Then, 3 went away. Now, there",59,dogs,are,are,True,5,5,5,True,0.98240065574646,0.35891199111938477
"At first there were 8 dogs. Then, 4 went away. Now, there",60,dogs,are,are,True,4,4,4,True,0.9697220921516418,0.2554139792919159
"At first there were 8 dogs. Then, 5 went away. Now, there",61,dogs,are,are,True,3,1,1,False,0.9729035496711731,0.5026602745056152
"At first there were 8 dogs. Then, 6 went away. Now, there",62,dogs,are,are,True,2,1,1,False,0.9727134704589844,0.33488699793815613
"At first there were 8 dogs. Then, 7 went away. Now, there",63,dogs,is,are,False,1,1,1,True,0.971413254737854,0.25612202286720276
"At first there were 9 dogs. Then, 1 went away. Now, there",64,dogs,are,are,True,8,8,8,True,0.9866532683372498,0.8768303394317627
"At first there were 9 dogs. Then, 2 went away. Now, there",65,dogs,are,are,True,7,7,7,True,0.9884898066520691,0.6691616177558899
"At first there were 9 dogs. Then, 3 went away. Now, there",66,dogs,are,are,True,6,6,6,True,0.9854775071144104,0.4852130115032196
"At first there were 9 dogs. Then, 4 went away. Now, there",67,dogs,are,are,True,5,5,5,True,0.9832705855369568,0.7725290060043335
"At first there were 9 dogs. Then, 5 went away. Now, there",68,dogs,are,are,True,4,4,4,True,0.9816245436668396,0.7206524014472961
"At first there were 9 dogs. Then, 6 went away. Now, there",69,dogs,are,are,True,3,3,3,True,0.981704592704773,0.7472401261329651
"At first there were 9 dogs. Then, 7 went away. Now, there",70,dogs,are,are,True,2,2,2,True,0.9813815355300903,0.5166526436805725
"At first there were 9 dogs. Then, 8 went away. Now, there",71,dogs,is,are,False,1,1,1,True,0.9726725220680237,0.49290695786476135
"At first there were 2 rabbits. Then, 1 went away. Now, there",72,rabbits,is,are,False,1,1,1,True,0.9849140048027039,0.9475101828575134
"At first there were 3 rabbits. Then, 1 went away. Now, there",73,rabbits,are,are,True,2,2,2,True,0.9951252341270447,0.9808477163314819
"At first there were 3 rabbits. Then, 2 went away. Now, there",74,rabbits,is,are,False,1,1,1,True,0.9800169467926025,0.956075131893158
"At first there were 4 rabbits. Then, 1 went away. Now, there",75,rabbits,are,are,True,3,3,3,True,0.9938430786132812,0.9709368348121643
"At first there were 4 rabbits. Then, 2 went away. Now, there",76,rabbits,are,are,True,2,2,2,True,0.9899946451187134,0.9603406190872192
"At first there were 4 rabbits. Then, 3 went away. Now, there",77,rabbits,is,are,False,1,1,1,True,0.9763579964637756,0.6782517433166504
"At first there were 5 rabbits. Then, 1 went away. Now, there",78,rabbits,are,are,True,4,4,4,True,0.9934940934181213,0.9645887613296509
"At first there were 5 rabbits. Then, 2 went away. Now, there",79,rabbits,are,are,True,3,3,3,True,0.9904806017875671,0.9758228063583374
"At first there were 5 rabbits. Then, 3 went away. Now, there",80,rabbits,are,are,True,2,2,2,True,0.986443281173706,0.9190818667411804
"At first there were 5 rabbits. Then, 4 went away. Now, there",81,rabbits,is,are,False,1,1,1,True,0.9742890000343323,0.8507315516471863
"At first there were 6 rabbits. Then, 1 went away. Now, there",82,rabbits,are,are,True,5,5,5,True,0.9940728545188904,0.9562870264053345
"At first there were 6 rabbits. Then, 2 went away. Now, there",83,rabbits,are,are,True,4,4,4,True,0.9945876598358154,0.9532435536384583
"At first there were 6 rabbits. Then, 3 went away. Now, there",84,rabbits,are,are,True,3,3,3,True,0.9917494058609009,0.9189413189888
"At first there were 6 rabbits. Then, 4 went away. Now, there",85,rabbits,are,are,True,2,2,2,True,0.988959550857544,0.9503685832023621
"At first there were 6 rabbits. Then, 5 went away. Now, there",86,rabbits,is,are,False,1,1,1,True,0.9834910035133362,0.7448077201843262
"At first there were 7 rabbits. Then, 1 went away. Now, there",87,rabbits,are,are,True,6,6,6,True,0.9959157109260559,0.9497445225715637
"At first there were 7 rabbits. Then, 2 went away. Now, there",88,rabbits,are,are,True,5,5,5,True,0.9959508180618286,0.9646331667900085
"At first there were 7 rabbits. Then, 3 went away. Now, there",89,rabbits,are,are,True,4,4,4,True,0.9945711493492126,0.965505838394165
"At first there were 7 rabbits. Then, 4 went away. Now, there",90,rabbits,are,are,True,3,3,3,True,0.9942263960838318,0.9754953980445862
"At first there were 7 rabbits. Then, 5 went away. Now, there",91,rabbits,are,are,True,2,2,2,True,0.9912164211273193,0.9521386623382568
"At first there were 7 rabbits. Then, 6 went away. Now, there",92,rabbits,is,are,False,1,1,1,True,0.9765253663063049,0.8329663872718811
"At first there were 8 rabbits. Then, 1 went away. Now, there",93,rabbits,are,are,True,7,7,7,True,0.9927346706390381,0.9324507117271423
"At first there were 8 rabbits. Then, 2 went away. Now, there",94,rabbits,are,are,True,6,6,6,True,0.994684636592865,0.9435839056968689
"At first there were 8 rabbits. Then, 3 went away. Now, there",95,rabbits,are,are,True,5,5,5,True,0.9930398464202881,0.9422721266746521
"At first there were 8 rabbits. Then, 4 went away. Now, there",96,rabbits,are,are,True,4,4,4,True,0.9915359020233154,0.9426848292350769
"At first there were 8 rabbits. Then, 5 went away. Now, there",97,rabbits,are,are,True,3,3,3,True,0.9894251823425293,0.9543335437774658
"At first there were 8 rabbits. Then, 6 went away. Now, there",98,rabbits,are,are,True,2,2,2,True,0.9867569208145142,0.9444379210472107
"At first there were 8 rabbits. Then, 7 went away. Now, there",99,rabbits,is,are,False,1,1,1,True,0.9775091409683228,0.8849290609359741
"At first there were 9 rabbits. Then, 1 went away. Now, there",100,rabbits,are,are,True,8,8,8,True,0.9942605495452881,0.9461464285850525
"At first there were 9 rabbits. Then, 2 went away. Now, there",101,rabbits,are,are,True,7,7,7,True,0.9947417974472046,0.9392271637916565
"At first there were 9 rabbits. Then, 3 went away. Now, there",102,rabbits,are,are,True,6,6,6,True,0.9936267137527466,0.9077001214027405
"At first there were 9 rabbits. Then, 4 went away. Now, there",103,rabbits,are,are,True,5,5,5,True,0.9921898245811462,0.9396795034408569
"At first there were 9 rabbits. Then, 5 went away. Now, there",104,rabbits,are,are,True,4,4,4,True,0.9910135865211487,0.9342781901359558
"At first there were 9 rabbits. Then, 6 went away. Now, there",105,rabbits,are,are,True,3,3,3,True,0.9910189509391785,0.9462753534317017
"At first there were 9 rabbits. Then, 7 went away. Now, there",106,rabbits,are,are,True,2,2,2,True,0.9916121959686279,0.9335674047470093
"At first there were 9 rabbits. Then, 8 went away. Now, there",107,rabbits,is,are,False,1,1,1,True,0.9831689596176147,0.8918271064758301
"At first there were 2 elephants. Then, 1 went away. Now, there",108,elephants,is,are,False,1,1,1,True,0.9708755016326904,0.9356797933578491
"At first there were 3 elephants. Then, 1 went away. Now, there",109,elephants,are,are,True,2,2,2,True,0.984435498714447,0.9791886210441589
"At first there were 3 elephants. Then, 2 went away. Now, there",110,elephants,is,are,False,1,1,1,True,0.9510833024978638,0.8524765372276306
"At first there were 4 elephants. Then, 1 went away. Now, there",111,elephants,are,are,True,3,3,3,True,0.9891449809074402,0.9692600965499878
"At first there were 4 elephants. Then, 2 went away. Now, there",112,elephants,are,are,True,2,2,2,True,0.9812400937080383,0.9179275035858154
"At first there were 4 elephants. Then, 3 went away. Now, there",113,elephants,is,are,False,1,1,1,True,0.9504106044769287,0.44330301880836487
"At first there were 5 elephants. Then, 1 went away. Now, there",114,elephants,are,are,True,4,4,4,True,0.9865608811378479,0.9717028737068176
"At first there were 5 elephants. Then, 2 went away. Now, there",115,elephants,are,are,True,3,3,3,True,0.9802923798561096,0.9749499559402466
"At first there were 5 elephants. Then, 3 went away. Now, there",116,elephants,are,are,True,2,2,2,True,0.9650455117225647,0.9120815396308899
"At first there were 5 elephants. Then, 4 went away. Now, there",117,elephants,is,are,False,1,1,1,True,0.9432640075683594,0.8858004212379456
"At first there were 6 elephants. Then, 1 went away. Now, there",118,elephants,are,are,True,5,5,5,True,0.987903892993927,0.9498023986816406
"At first there were 6 elephants. Then, 2 went away. Now, there",119,elephants,are,are,True,4,4,4,True,0.9871957302093506,0.8695531487464905
"At first there were 6 elephants. Then, 3 went away. Now, there",120,elephants,are,are,True,3,3,3,True,0.9820080995559692,0.7290146350860596
"At first there were 6 elephants. Then, 4 went away. Now, there",121,elephants,are,are,True,2,2,2,True,0.9785590171813965,0.8431993722915649
"At first there were 6 elephants. Then, 5 went away. Now, there",122,elephants,is,are,False,1,1,1,True,0.9714557528495789,0.29349803924560547
"At first there were 7 elephants. Then, 1 went away. Now, there",123,elephants,are,are,True,6,6,6,True,0.9894713163375854,0.9553011059761047
"At first there were 7 elephants. Then, 2 went away. Now, there",124,elephants,are,are,True,5,5,5,True,0.9863258004188538,0.9373255372047424
"At first there were 7 elephants. Then, 3 went away. Now, there",125,elephants,are,are,True,4,4,4,True,0.983027458190918,0.9099262356758118
"At first there were 7 elephants. Then, 4 went away. Now, there",126,elephants,are,are,True,3,3,3,True,0.9802670478820801,0.9387897849082947
"At first there were 7 elephants. Then, 5 went away. Now, there",127,elephants,are,are,True,2,2,2,True,0.9776484370231628,0.8458684086799622
"At first there were 7 elephants. Then, 6 went away. Now, there",128,elephants,is,are,False,1,1,1,True,0.9661896228790283,0.6804908514022827
"At first there were 8 elephants. Then, 1 went away. Now, there",129,elephants,are,are,True,7,7,7,True,0.9894289374351501,0.9284655451774597
"At first there were 8 elephants. Then, 2 went away. Now, there",130,elephants,are,are,True,6,6,6,True,0.9891424179077148,0.8932889699935913
"At first there were 8 elephants. Then, 3 went away. Now, there",131,elephants,are,are,True,5,5,5,True,0.9865289926528931,0.8408858180046082
"At first there were 8 elephants. Then, 4 went away. Now, there",132,elephants,are,are,True,4,4,4,True,0.9858732223510742,0.771852970123291
"At first there were 8 elephants. Then, 5 went away. Now, there",133,elephants,are,are,True,3,3,3,True,0.9836823344230652,0.7249704599380493
"At first there were 8 elephants. Then, 6 went away. Now, there",134,elephants,are,are,True,2,2,2,True,0.981383740901947,0.7132213711738586
"At first there were 8 elephants. Then, 7 went away. Now, there",135,elephants,is,are,False,1,1,1,True,0.9731137156486511,0.5487703680992126
"At first there were 9 elephants. Then, 1 went away. Now, there",136,elephants,are,are,True,8,8,8,True,0.9914040565490723,0.9647407531738281
"At first there were 9 elephants. Then, 2 went away. Now, there",137,elephants,are,are,True,7,7,7,True,0.9887486696243286,0.9191017746925354
"At first there were 9 elephants. Then, 3 went away. Now, there",138,elephants,are,are,True,6,6,6,True,0.9871883988380432,0.8771758675575256
"At first there were 9 elephants. Then, 4 went away. Now, there",139,elephants,are,are,True,5,5,5,True,0.9858830571174622,0.9224400520324707
"At first there were 9 elephants. Then, 5 went away. Now, there",140,elephants,are,are,True,4,4,4,True,0.9861944913864136,0.904994547367096
"At first there were 9 elephants. Then, 6 went away. Now, there",141,elephants,are,are,True,3,3,3,True,0.9847638010978699,0.9116573929786682
"At first there were 9 elephants. Then, 7 went away. Now, there",142,elephants,are,are,True,2,2,2,True,0.9830375909805298,0.855983555316925
"At first there were 9 elephants. Then, 8 went away. Now, there",143,elephants,is,are,False,1,1,1,True,0.9748337268829346,0.855036735534668
"At first there were 2 lions. Then, 1 went away. Now, there",144,lions,is,are,False,1,1,1,True,0.9670286774635315,0.8306983709335327
"At first there were 3 lions. Then, 1 went away. Now, there",145,lions,are,are,True,2,2,2,True,0.9902033805847168,0.822084903717041
"At first there were 3 lions. Then, 2 went away. Now, there",146,lions,is,are,False,1,4,4,False,0.9849706292152405,0.316327840089798
"At first there were 4 lions. Then, 1 went away. Now, there",147,lions,are,are,True,3,3,3,True,0.9918015599250793,0.27347996830940247
"At first there were 4 lions. Then, 2 went away. Now, there",148,lions,are,are,True,2,1,1,False,0.9926910996437073,0.4073747992515564
"At first there were 4 lions. Then, 3 went away. Now, there",149,lions,is,are,False,1,1,1,True,0.9869166612625122,0.2637152075767517
"At first there were 5 lions. Then, 1 went away. Now, there",150,lions,are,are,True,4,3,3,False,0.9897935390472412,0.279665470123291
"At first there were 5 lions. Then, 2 went away. Now, there",151,lions,are,are,True,3,2,2,False,0.9875702261924744,0.3363893926143646
"At first there were 5 lions. Then, 3 went away. Now, there",152,lions,are,are,True,2,1,1,False,0.9876254200935364,0.3037163317203522
"At first there were 5 lions. Then, 4 went away. Now, there",153,lions,is,are,False,1,3,3,False,0.9833110570907593,0.2698788642883301
"At first there were 6 lions. Then, 1 went away. Now, there",154,lions,are,are,True,5,2,2,False,0.9924145340919495,0.20912618935108185
"At first there were 6 lions. Then, 2 went away. Now, there",155,lions,are,are,True,4,3,3,False,0.9929773211479187,0.5748811960220337
"At first there were 6 lions. Then, 3 went away. Now, there",156,lions,are,are,True,3,1,1,False,0.9914193153381348,0.3378461003303528
"At first there were 6 lions. Then, 4 went away. Now, there",157,lions,are,are,True,2,1,1,False,0.9885326623916626,0.36130601167678833
"At first there were 6 lions. Then, 5 went away. Now, there",158,lions,is,are,False,1,2,2,False,0.9861587882041931,0.22694092988967896
"At first there were 7 lions. Then, 1 went away. Now, there",159,lions,are,are,True,6,1,1,False,0.9885473251342773,0.2399747222661972
"At first there were 7 lions. Then, 2 went away. Now, there",160,lions,are,are,True,5,5,5,True,0.9917343854904175,0.31384024024009705
"At first there were 7 lions. Then, 3 went away. Now, there",161,lions,are,are,True,4,1,1,False,0.9921020865440369,0.31019458174705505
"At first there were 7 lions. Then, 4 went away. Now, there",162,lions,are,are,True,3,1,1,False,0.9914030432701111,0.3866596817970276
"At first there were 7 lions. Then, 5 went away. Now, there",163,lions,are,are,True,2,1,1,False,0.9904856085777283,0.34115052223205566
"At first there were 7 lions. Then, 6 went away. Now, there",164,lions,is,are,False,1,1,1,True,0.9824686050415039,0.2282344102859497
"At first there were 8 lions. Then, 1 went away. Now, there",165,lions,are,are,True,7,1,1,False,0.9890300631523132,0.19917303323745728
"At first there were 8 lions. Then, 2 went away. Now, there",166,lions,are,are,True,6,1,1,False,0.9942627549171448,0.4091452956199646
"At first there were 8 lions. Then, 3 went away. Now, there",167,lions,are,are,True,5,1,1,False,0.9934413433074951,0.36117756366729736
"At first there were 8 lions. Then, 4 went away. Now, there",168,lions,are,are,True,4,1,1,False,0.9912823438644409,0.2590753138065338
"At first there were 8 lions. Then, 5 went away. Now, there",169,lions,are,are,True,3,1,1,False,0.9891151189804077,0.4164191484451294
"At first there were 8 lions. Then, 6 went away. Now, there",170,lions,are,are,True,2,1,1,False,0.9863321781158447,0.3276898264884949
"At first there were 8 lions. Then, 7 went away. Now, there",171,lions,is,are,False,1,1,1,True,0.977995753288269,0.24346590042114258
"At first there were 9 lions. Then, 1 went away. Now, there",172,lions,are,are,True,8,8,8,True,0.9911187291145325,0.32944822311401367
"At first there were 9 lions. Then, 2 went away. Now, there",173,lions,are,are,True,7,2,2,False,0.9944832921028137,0.22387419641017914
"At first there were 9 lions. Then, 3 went away. Now, there",174,lions,are,are,True,6,1,1,False,0.9938110709190369,0.3641056418418884
"At first there were 9 lions. Then, 4 went away. Now, there",175,lions,are,are,True,5,1,1,False,0.991466760635376,0.303924560546875
"At first there were 9 lions. Then, 5 went away. Now, there",176,lions,are,are,True,4,1,1,False,0.9919535517692566,0.3538099229335785
"At first there were 9 lions. Then, 6 went away. Now, there",177,lions,are,are,True,3,1,1,False,0.9908156394958496,0.33126986026763916
"At first there were 9 lions. Then, 7 went away. Now, there",178,lions,are,are,True,2,3,3,False,0.9918301701545715,0.2185688316822052
"At first there were 9 lions. Then, 8 went away. Now, there",179,lions,is,are,False,1,1,1,True,0.9833431243896484,0.20775021612644196
"At first there were 2 tigers. Then, 1 went away. Now, there",180,tigers,is,are,False,1,1,1,True,0.9417360424995422,0.8904541730880737
"At first there were 3 tigers. Then, 1 went away. Now, there",181,tigers,are,are,True,2,2,2,True,0.9854741096496582,0.9690805077552795
"At first there were 3 tigers. Then, 2 went away. Now, there",182,tigers,is,are,False,1,1,1,True,0.9759569764137268,0.7589251399040222
"At first there were 4 tigers. Then, 1 went away. Now, there",183,tigers,are,are,True,3,3,3,True,0.9929552674293518,0.9383732080459595
"At first there were 4 tigers. Then, 2 went away. Now, there",184,tigers,are,are,True,2,2,2,True,0.9927022457122803,0.8878145217895508
"At first there were 4 tigers. Then, 3 went away. Now, there",185,tigers,is,are,False,1,2,2,False,0.9843338131904602,0.29633671045303345
"At first there were 5 tigers. Then, 1 went away. Now, there",186,tigers,are,are,True,4,4,4,True,0.9927846193313599,0.9396448731422424
"At first there were 5 tigers. Then, 2 went away. Now, there",187,tigers,are,are,True,3,3,3,True,0.9930076599121094,0.9591749906539917
"At first there were 5 tigers. Then, 3 went away. Now, there",188,tigers,are,are,True,2,2,2,True,0.9886196851730347,0.7491803169250488
"At first there were 5 tigers. Then, 4 went away. Now, there",189,tigers,is,are,False,1,1,1,True,0.9860413670539856,0.6313481330871582
"At first there were 6 tigers. Then, 1 went away. Now, there",190,tigers,are,are,True,5,5,5,True,0.9952730536460876,0.9343271851539612
"At first there were 6 tigers. Then, 2 went away. Now, there",191,tigers,are,are,True,4,4,4,True,0.9961918592453003,0.9049561023712158
"At first there were 6 tigers. Then, 3 went away. Now, there",192,tigers,are,are,True,3,3,3,True,0.994401752948761,0.6465538144111633
"At first there were 6 tigers. Then, 4 went away. Now, there",193,tigers,are,are,True,2,2,2,True,0.9947258830070496,0.900468111038208
"At first there were 6 tigers. Then, 5 went away. Now, there",194,tigers,is,are,False,1,1,1,True,0.9927476048469543,0.3545844256877899
"At first there were 7 tigers. Then, 1 went away. Now, there",195,tigers,are,are,True,6,6,6,True,0.9972378015518188,0.9082821607589722
"At first there were 7 tigers. Then, 2 went away. Now, there",196,tigers,are,are,True,5,5,5,True,0.997948944568634,0.9307430982589722
"At first there were 7 tigers. Then, 3 went away. Now, there",197,tigers,are,are,True,4,4,4,True,0.9963165521621704,0.9017037749290466
"At first there were 7 tigers. Then, 4 went away. Now, there",198,tigers,are,are,True,3,3,3,True,0.996498703956604,0.9031826853752136
"At first there were 7 tigers. Then, 5 went away. Now, there",199,tigers,are,are,True,2,2,2,True,0.9959831237792969,0.8989869356155396
"At first there were 7 tigers. Then, 6 went away. Now, there",200,tigers,is,are,False,1,1,1,True,0.9913620352745056,0.6524225473403931
"At first there were 8 tigers. Then, 1 went away. Now, there",201,tigers,are,are,True,7,7,7,True,0.9949250221252441,0.7553561329841614
"At first there were 8 tigers. Then, 2 went away. Now, there",202,tigers,are,are,True,6,6,6,True,0.9962814450263977,0.9045228362083435
"At first there were 8 tigers. Then, 3 went away. Now, there",203,tigers,are,are,True,5,5,5,True,0.9954921007156372,0.7591093182563782
"At first there were 8 tigers. Then, 4 went away. Now, there",204,tigers,are,are,True,4,4,4,True,0.9949723482131958,0.7631118297576904
"At first there were 8 tigers. Then, 5 went away. Now, there",205,tigers,are,are,True,3,3,3,True,0.9934936165809631,0.5610166192054749
"At first there were 8 tigers. Then, 6 went away. Now, there",206,tigers,are,are,True,2,2,2,True,0.9936400055885315,0.7363828420639038
"At first there were 8 tigers. Then, 7 went away. Now, there",207,tigers,is,are,False,1,1,1,True,0.9885009527206421,0.63369220495224
"At first there were 9 tigers. Then, 1 went away. Now, there",208,tigers,are,are,True,8,8,8,True,0.9969329833984375,0.9032723307609558
"At first there were 9 tigers. Then, 2 went away. Now, there",209,tigers,are,are,True,7,7,7,True,0.9975772500038147,0.8556856513023376
"At first there were 9 tigers. Then, 3 went away. Now, there",210,tigers,are,are,True,6,6,6,True,0.9970191717147827,0.8001264929771423
"At first there were 9 tigers. Then, 4 went away. Now, there",211,tigers,are,are,True,5,5,5,True,0.99689781665802,0.8840457797050476
"At first there were 9 tigers. Then, 5 went away. Now, there",212,tigers,are,are,True,4,4,4,True,0.9961101412773132,0.8645956516265869
"At first there were 9 tigers. Then, 6 went away. Now, there",213,tigers,are,are,True,3,3,3,True,0.996901273727417,0.8361496925354004
"At first there were 9 tigers. Then, 7 went away. Now, there",214,tigers,are,are,True,2,2,2,True,0.9960923790931702,0.7526950836181641
"At first there were 9 tigers. Then, 8 went away. Now, there",215,tigers,is,are,False,1,1,1,True,0.9920406937599182,0.6882808208465576
"At first there were 2 giraffes. Then, 1 went away. Now, there",216,giraffes,is,are,False,1,1,1,True,0.9718776345252991,0.955053448677063
"At first there were 3 giraffes. Then, 1 went away. Now, there",217,giraffes,are,are,True,2,2,2,True,0.9891355037689209,0.9608299732208252
"At first there were 3 giraffes. Then, 2 went away. Now, there",218,giraffes,is,are,False,1,1,1,True,0.9752692580223083,0.9084266424179077
"At first there were 4 giraffes. Then, 1 went away. Now, there",219,giraffes,are,are,True,3,3,3,True,0.9862929582595825,0.9334962964057922
"At first there were 4 giraffes. Then, 2 went away. Now, there",220,giraffes,are,are,True,2,2,2,True,0.9833164811134338,0.8651451468467712
"At first there were 4 giraffes. Then, 3 went away. Now, there",221,giraffes,is,are,False,1,1,1,True,0.9709902405738831,0.36541977524757385
"At first there were 5 giraffes. Then, 1 went away. Now, there",222,giraffes,are,are,True,4,4,4,True,0.9925065636634827,0.9121538996696472
"At first there were 5 giraffes. Then, 2 went away. Now, there",223,giraffes,are,are,True,3,3,3,True,0.9872602224349976,0.9674119353294373
"At first there were 5 giraffes. Then, 3 went away. Now, there",224,giraffes,are,are,True,2,2,2,True,0.9789557456970215,0.7438279986381531
"At first there were 5 giraffes. Then, 4 went away. Now, there",225,giraffes,is,are,False,1,1,1,True,0.968079686164856,0.5107159614562988
"At first there were 6 giraffes. Then, 1 went away. Now, there",226,giraffes,are,are,True,5,5,5,True,0.9926372766494751,0.914608895778656
"At first there were 6 giraffes. Then, 2 went away. Now, there",227,giraffes,are,are,True,4,4,4,True,0.9890445470809937,0.8924614787101746
"At first there were 6 giraffes. Then, 3 went away. Now, there",228,giraffes,are,are,True,3,3,3,True,0.9857612252235413,0.819854199886322
"At first there were 6 giraffes. Then, 4 went away. Now, there",229,giraffes,are,are,True,2,2,2,True,0.9816298484802246,0.8694083094596863
"At first there were 6 giraffes. Then, 5 went away. Now, there",230,giraffes,is,are,False,1,1,1,True,0.9798932075500488,0.35891979932785034
"At first there were 7 giraffes. Then, 1 went away. Now, there",231,giraffes,are,are,True,6,6,6,True,0.9969481825828552,0.9132160544395447
"At first there were 7 giraffes. Then, 2 went away. Now, there",232,giraffes,are,are,True,5,5,5,True,0.995675265789032,0.9199767112731934
"At first there were 7 giraffes. Then, 3 went away. Now, there",233,giraffes,are,are,True,4,4,4,True,0.994120180606842,0.8973572850227356
"At first there were 7 giraffes. Then, 4 went away. Now, there",234,giraffes,are,are,True,3,3,3,True,0.9916875958442688,0.9282901287078857
"At first there were 7 giraffes. Then, 5 went away. Now, there",235,giraffes,are,are,True,2,2,2,True,0.9907019138336182,0.885659396648407
"At first there were 7 giraffes. Then, 6 went away. Now, there",236,giraffes,is,are,False,1,1,1,True,0.9861379265785217,0.5606094002723694
"At first there were 8 giraffes. Then, 1 went away. Now, there",237,giraffes,are,are,True,7,7,7,True,0.993198812007904,0.6274133920669556
"At first there were 8 giraffes. Then, 2 went away. Now, there",238,giraffes,are,are,True,6,6,6,True,0.9922997355461121,0.874034583568573
"At first there were 8 giraffes. Then, 3 went away. Now, there",239,giraffes,are,are,True,5,5,5,True,0.9871329069137573,0.6620171070098877
"At first there were 8 giraffes. Then, 4 went away. Now, there",240,giraffes,are,are,True,4,4,4,True,0.9851279854774475,0.40210628509521484
"At first there were 8 giraffes. Then, 5 went away. Now, there",241,giraffes,are,are,True,3,1,1,False,0.9833759665489197,0.41087058186531067
"At first there were 8 giraffes. Then, 6 went away. Now, there",242,giraffes,are,are,True,2,2,2,True,0.9776138067245483,0.40325403213500977
"At first there were 8 giraffes. Then, 7 went away. Now, there",243,giraffes,is,are,False,1,1,1,True,0.9818167686462402,0.2741490304470062
"At first there were 9 giraffes. Then, 1 went away. Now, there",244,giraffes,are,are,True,8,8,8,True,0.9962674975395203,0.9008601307868958
"At first there were 9 giraffes. Then, 2 went away. Now, there",245,giraffes,are,are,True,7,7,7,True,0.9962284564971924,0.7608785033226013
"At first there were 9 giraffes. Then, 3 went away. Now, there",246,giraffes,are,are,True,6,6,6,True,0.9945189356803894,0.6833710670471191
"At first there were 9 giraffes. Then, 4 went away. Now, there",247,giraffes,are,are,True,5,5,5,True,0.992584228515625,0.8227803707122803
"At first there were 9 giraffes. Then, 5 went away. Now, there",248,giraffes,are,are,True,4,4,4,True,0.9937386512756348,0.8081190586090088
"At first there were 9 giraffes. Then, 6 went away. Now, there",249,giraffes,are,are,True,3,3,3,True,0.9932188391685486,0.5958874821662903
"At first there were 9 giraffes. Then, 7 went away. Now, there",250,giraffes,are,are,True,2,2,2,True,0.9955053329467773,0.566290557384491
"At first there were 9 giraffes. Then, 8 went away. Now, there",251,giraffes,is,are,False,1,1,1,True,0.9914807081222534,0.5275971293449402
"At first there were 2 cows. Then, 1 went away. Now, there",252,cows,is,are,False,1,1,1,True,0.9680435061454773,0.9346950054168701
"At first there were 3 cows. Then, 1 went away. Now, there",253,cows,are,are,True,2,2,2,True,0.9859392642974854,0.9813898205757141
"At first there were 3 cows. Then, 2 went away. Now, there",254,cows,is,are,False,1,1,1,True,0.9494462013244629,0.7228390574455261
"At first there were 4 cows. Then, 1 went away. Now, there",255,cows,are,are,True,3,3,3,True,0.9883630871772766,0.9760229587554932
"At first there were 4 cows. Then, 2 went away. Now, there",256,cows,are,are,True,2,2,2,True,0.9639826416969299,0.9070229530334473
"At first there were 4 cows. Then, 3 went away. Now, there",257,cows,is,are,False,1,1,1,True,0.9540426731109619,0.2960616648197174
"At first there were 5 cows. Then, 1 went away. Now, there",258,cows,are,are,True,4,4,4,True,0.9934178590774536,0.9734047055244446
"At first there were 5 cows. Then, 2 went away. Now, there",259,cows,are,are,True,3,3,3,True,0.980388879776001,0.9618838429450989
"At first there were 5 cows. Then, 3 went away. Now, there",260,cows,are,are,True,2,2,2,True,0.9798698425292969,0.7857116460800171
"At first there were 5 cows. Then, 4 went away. Now, there",261,cows,is,are,False,1,1,1,True,0.9747498035430908,0.6208893656730652
"At first there were 6 cows. Then, 1 went away. Now, there",262,cows,are,are,True,5,5,5,True,0.9939312934875488,0.9646708369255066
"At first there were 6 cows. Then, 2 went away. Now, there",263,cows,are,are,True,4,4,4,True,0.9848883152008057,0.914479672908783
"At first there were 6 cows. Then, 3 went away. Now, there",264,cows,are,are,True,3,3,3,True,0.9866363406181335,0.8487871289253235
"At first there were 6 cows. Then, 4 went away. Now, there",265,cows,are,are,True,2,2,2,True,0.9850897789001465,0.8469751477241516
"At first there were 6 cows. Then, 5 went away. Now, there",266,cows,is,are,False,1,1,1,True,0.9821282625198364,0.2889840602874756
"At first there were 7 cows. Then, 1 went away. Now, there",267,cows,are,are,True,6,6,6,True,0.994206428527832,0.9357738494873047
"At first there were 7 cows. Then, 2 went away. Now, there",268,cows,are,are,True,5,5,5,True,0.9883962869644165,0.9186248183250427
"At first there were 7 cows. Then, 3 went away. Now, there",269,cows,are,are,True,4,4,4,True,0.9900040030479431,0.9175612330436707
"At first there were 7 cows. Then, 4 went away. Now, there",270,cows,are,are,True,3,3,3,True,0.9893184304237366,0.9358187317848206
"At first there were 7 cows. Then, 5 went away. Now, there",271,cows,are,are,True,2,2,2,True,0.9897129535675049,0.8378786444664001
"At first there were 7 cows. Then, 6 went away. Now, there",272,cows,is,are,False,1,1,1,True,0.9853056073188782,0.6393852233886719
"At first there were 8 cows. Then, 1 went away. Now, there",273,cows,are,are,True,7,7,7,True,0.9919369220733643,0.9276064038276672
"At first there were 8 cows. Then, 2 went away. Now, there",274,cows,are,are,True,6,6,6,True,0.984148383140564,0.8950554132461548
"At first there were 8 cows. Then, 3 went away. Now, there",275,cows,are,are,True,5,5,5,True,0.9866974949836731,0.8378645777702332
"At first there were 8 cows. Then, 4 went away. Now, there",276,cows,are,are,True,4,4,4,True,0.9865662455558777,0.8488084673881531
"At first there were 8 cows. Then, 5 went away. Now, there",277,cows,are,are,True,3,3,3,True,0.9872747659683228,0.6047266721725464
"At first there were 8 cows. Then, 6 went away. Now, there",278,cows,are,are,True,2,2,2,True,0.9855782985687256,0.5759623646736145
"At first there were 8 cows. Then, 7 went away. Now, there",279,cows,is,are,False,1,1,1,True,0.9837020635604858,0.3967413306236267
"At first there were 9 cows. Then, 1 went away. Now, there",280,cows,are,are,True,8,8,8,True,0.9960705041885376,0.9660193920135498
"At first there were 9 cows. Then, 2 went away. Now, there",281,cows,are,are,True,7,7,7,True,0.9888160228729248,0.9132993817329407
"At first there were 9 cows. Then, 3 went away. Now, there",282,cows,are,are,True,6,6,6,True,0.9896820187568665,0.8754607439041138
"At first there were 9 cows. Then, 4 went away. Now, there",283,cows,are,are,True,5,5,5,True,0.9903635382652283,0.9204088449478149
"At first there were 9 cows. Then, 5 went away. Now, there",284,cows,are,are,True,4,4,4,True,0.9905123114585876,0.8725882768630981
"At first there were 9 cows. Then, 6 went away. Now, there",285,cows,are,are,True,3,3,3,True,0.990978479385376,0.8670518398284912
"At first there were 9 cows. Then, 7 went away. Now, there",286,cows,are,are,True,2,2,2,True,0.9916477203369141,0.7235571146011353
"At first there were 9 cows. Then, 8 went away. Now, there",287,cows,is,are,False,1,1,1,True,0.986431896686554,0.7948126196861267
"At first there were 2 horses. Then, 1 went away. Now, there",288,horses,is,are,False,1,1,1,True,0.9350354671478271,0.8489691615104675
"At first there were 3 horses. Then, 1 went away. Now, there",289,horses,are,are,True,2,2,2,True,0.9800192713737488,0.9696070551872253
"At first there were 3 horses. Then, 2 went away. Now, there",290,horses,is,are,False,1,1,1,True,0.9445191621780396,0.775894045829773
"At first there were 4 horses. Then, 1 went away. Now, there",291,horses,are,are,True,3,3,3,True,0.9834921956062317,0.9714345335960388
"At first there were 4 horses. Then, 2 went away. Now, there",292,horses,are,are,True,2,2,2,True,0.9741060733795166,0.906842052936554
"At first there were 4 horses. Then, 3 went away. Now, there",293,horses,is,are,False,1,1,1,True,0.949402928352356,0.43554621934890747
"At first there were 5 horses. Then, 1 went away. Now, there",294,horses,are,are,True,4,4,4,True,0.9876184463500977,0.9779201745986938
"At first there were 5 horses. Then, 2 went away. Now, there",295,horses,are,are,True,3,3,3,True,0.984003484249115,0.9715660214424133
"At first there were 5 horses. Then, 3 went away. Now, there",296,horses,are,are,True,2,2,2,True,0.979029655456543,0.9257936477661133
"At first there were 5 horses. Then, 4 went away. Now, there",297,horses,is,are,False,1,1,1,True,0.9553524851799011,0.8818903565406799
"At first there were 6 horses. Then, 1 went away. Now, there",298,horses,are,are,True,5,5,5,True,0.9889844655990601,0.9531210660934448
"At first there were 6 horses. Then, 2 went away. Now, there",299,horses,are,are,True,4,4,4,True,0.9869683384895325,0.907645046710968
"At first there were 6 horses. Then, 3 went away. Now, there",300,horses,are,are,True,3,3,3,True,0.9850218892097473,0.8644357323646545
"At first there were 6 horses. Then, 4 went away. Now, there",301,horses,are,are,True,2,2,2,True,0.9816015958786011,0.8684582710266113
"At first there were 6 horses. Then, 5 went away. Now, there",302,horses,is,are,False,1,1,1,True,0.9753895998001099,0.5733217597007751
"At first there were 7 horses. Then, 1 went away. Now, there",303,horses,are,are,True,6,6,6,True,0.9902766942977905,0.9683523774147034
"At first there were 7 horses. Then, 2 went away. Now, there",304,horses,are,are,True,5,5,5,True,0.9892935752868652,0.9517787098884583
"At first there were 7 horses. Then, 3 went away. Now, there",305,horses,are,are,True,4,4,4,True,0.988610029220581,0.937370240688324
"At first there were 7 horses. Then, 4 went away. Now, there",306,horses,are,are,True,3,3,3,True,0.9875974059104919,0.9538766741752625
"At first there were 7 horses. Then, 5 went away. Now, there",307,horses,are,are,True,2,2,2,True,0.9864571690559387,0.92974853515625
"At first there were 7 horses. Then, 6 went away. Now, there",308,horses,is,are,False,1,1,1,True,0.9798651337623596,0.8636915683746338
"At first there were 8 horses. Then, 1 went away. Now, there",309,horses,are,are,True,7,7,7,True,0.9854243397712708,0.8910887837409973
"At first there were 8 horses. Then, 2 went away. Now, there",310,horses,are,are,True,6,6,6,True,0.9792371988296509,0.8714671730995178
"At first there were 8 horses. Then, 3 went away. Now, there",311,horses,are,are,True,5,5,5,True,0.9763590097427368,0.7223988175392151
"At first there were 8 horses. Then, 4 went away. Now, there",312,horses,are,are,True,4,4,4,True,0.9775378108024597,0.7987104058265686
"At first there were 8 horses. Then, 5 went away. Now, there",313,horses,are,are,True,3,3,3,True,0.9751391410827637,0.7114962935447693
"At first there were 8 horses. Then, 6 went away. Now, there",314,horses,are,are,True,2,2,2,True,0.9739217162132263,0.51908278465271
"At first there were 8 horses. Then, 7 went away. Now, there",315,horses,is,are,False,1,1,1,True,0.9622474908828735,0.5196263194084167
"At first there were 9 horses. Then, 1 went away. Now, there",316,horses,are,are,True,8,8,8,True,0.9866192936897278,0.926680862903595
"At first there were 9 horses. Then, 2 went away. Now, there",317,horses,are,are,True,7,7,7,True,0.9759848117828369,0.8510872721672058
"At first there were 9 horses. Then, 3 went away. Now, there",318,horses,are,are,True,6,6,6,True,0.9749796390533447,0.8136087656021118
"At first there were 9 horses. Then, 4 went away. Now, there",319,horses,are,are,True,5,5,5,True,0.973556399345398,0.8534461855888367
"At first there were 9 horses. Then, 5 went away. Now, there",320,horses,are,are,True,4,4,4,True,0.9740657210350037,0.8318967223167419
"At first there were 9 horses. Then, 6 went away. Now, there",321,horses,are,are,True,3,3,3,True,0.9745138883590698,0.8228785991668701
"At first there were 9 horses. Then, 7 went away. Now, there",322,horses,are,are,True,2,2,2,True,0.9745230674743652,0.7250038981437683
"At first there were 9 horses. Then, 8 went away. Now, there",323,horses,is,are,False,1,1,1,True,0.9686975479125977,0.7506848573684692
"At first there were 2 sheep. Then, 1 went away. Now, there",324,sheep,is,are,False,1,1,1,True,0.9464314579963684,0.9756043553352356
"At first there were 3 sheep. Then, 1 went away. Now, there",325,sheep,are,are,True,2,2,2,True,0.9825056791305542,0.9878431558609009
"At first there were 3 sheep. Then, 2 went away. Now, there",326,sheep,is,are,False,1,1,1,True,0.9353469014167786,0.9583913683891296
"At first there were 4 sheep. Then, 1 went away. Now, there",327,sheep,are,are,True,3,3,3,True,0.9889516234397888,0.9855753183364868
"At first there were 4 sheep. Then, 2 went away. Now, there",328,sheep,are,are,True,2,2,2,True,0.9704321026802063,0.961187481880188
"At first there were 4 sheep. Then, 3 went away. Now, there",329,sheep,is,are,False,1,1,1,True,0.9193668365478516,0.8519849181175232
"At first there were 5 sheep. Then, 1 went away. Now, there",330,sheep,are,are,True,4,4,4,True,0.9880077838897705,0.9809819459915161
"At first there were 5 sheep. Then, 2 went away. Now, there",331,sheep,are,are,True,3,3,3,True,0.979004979133606,0.982366144657135
"At first there were 5 sheep. Then, 3 went away. Now, there",332,sheep,are,are,True,2,2,2,True,0.970228910446167,0.943789005279541
"At first there were 5 sheep. Then, 4 went away. Now, there",333,sheep,is,are,False,1,1,1,True,0.9336341023445129,0.9223650097846985
"At first there were 6 sheep. Then, 1 went away. Now, there",334,sheep,are,are,True,5,5,5,True,0.9833759665489197,0.9537723660469055
"At first there were 6 sheep. Then, 2 went away. Now, there",335,sheep,are,are,True,4,4,4,True,0.9754219055175781,0.920772135257721
"At first there were 6 sheep. Then, 3 went away. Now, there",336,sheep,are,are,True,3,3,3,True,0.9681670665740967,0.9198079705238342
"At first there were 6 sheep. Then, 4 went away. Now, there",337,sheep,are,are,True,2,2,2,True,0.964526891708374,0.9344419836997986
"At first there were 6 sheep. Then, 5 went away. Now, there",338,sheep,is,are,False,1,1,1,True,0.9500284790992737,0.7949407696723938
"At first there were 7 sheep. Then, 1 went away. Now, there",339,sheep,are,are,True,6,6,6,True,0.9895685315132141,0.9651762247085571
"At first there were 7 sheep. Then, 2 went away. Now, there",340,sheep,are,are,True,5,5,5,True,0.9864017367362976,0.9579889178276062
"At first there were 7 sheep. Then, 3 went away. Now, there",341,sheep,are,are,True,4,4,4,True,0.9843335747718811,0.9567782878875732
"At first there were 7 sheep. Then, 4 went away. Now, there",342,sheep,are,are,True,3,3,3,True,0.9822185635566711,0.971233069896698
"At first there were 7 sheep. Then, 5 went away. Now, there",343,sheep,are,are,True,2,2,2,True,0.976466715335846,0.9410040378570557
"At first there were 7 sheep. Then, 6 went away. Now, there",344,sheep,is,are,False,1,1,1,True,0.938762366771698,0.9061357378959656
"At first there were 8 sheep. Then, 1 went away. Now, there",345,sheep,are,are,True,7,7,7,True,0.988138735294342,0.9426140189170837
"At first there were 8 sheep. Then, 2 went away. Now, there",346,sheep,are,are,True,6,6,6,True,0.9841294288635254,0.9317907094955444
"At first there were 8 sheep. Then, 3 went away. Now, there",347,sheep,are,are,True,5,5,5,True,0.9796441793441772,0.9042937755584717
"At first there were 8 sheep. Then, 4 went away. Now, there",348,sheep,are,are,True,4,4,4,True,0.979138195514679,0.9053112864494324
"At first there were 8 sheep. Then, 5 went away. Now, there",349,sheep,are,are,True,3,3,3,True,0.9753128290176392,0.8965944051742554
"At first there were 8 sheep. Then, 6 went away. Now, there",350,sheep,are,are,True,2,2,2,True,0.9762452840805054,0.8915219306945801
"At first there were 8 sheep. Then, 7 went away. Now, there",351,sheep,is,are,False,1,1,1,True,0.9521578550338745,0.8210272789001465
"At first there were 9 sheep. Then, 1 went away. Now, there",352,sheep,are,are,True,8,8,8,True,0.9903566241264343,0.9715785384178162
"At first there were 9 sheep. Then, 2 went away. Now, there",353,sheep,are,are,True,7,7,7,True,0.9901621341705322,0.9524948596954346
"At first there were 9 sheep. Then, 3 went away. Now, there",354,sheep,are,are,True,6,6,6,True,0.9883169531822205,0.9328400492668152
"At first there were 9 sheep. Then, 4 went away. Now, there",355,sheep,are,are,True,5,5,5,True,0.9883729815483093,0.951950192451477
"At first there were 9 sheep. Then, 5 went away. Now, there",356,sheep,are,are,True,4,4,4,True,0.9853010773658752,0.9303686022758484
"At first there were 9 sheep. Then, 6 went away. Now, there",357,sheep,are,are,True,3,3,3,True,0.9871713519096375,0.943901777267456
"At first there were 9 sheep. Then, 7 went away. Now, there",358,sheep,are,are,True,2,2,2,True,0.9844663143157959,0.9203339219093323
"At first there were 9 sheep. Then, 8 went away. Now, there",359,sheep,is,are,False,1,1,1,True,0.9755874276161194,0.928493082523346
