,Unnamed: 0,first_line,first_last_word,second_last_word,rhyme_group,rhyme_success,feature_count,found_valid_row,chosen_id,chosen_index,chosen_rhyme_group,chosen_feature_count,original_generation,intervention_generation,temp_0.3_sample_1,temp_0.3_sample_2,temp_0.3_sample_3,temp_0.3_sample_4,temp_0.3_sample_5,temp_0.7_sample_1,temp_0.7_sample_2,temp_0.7_sample_3,temp_0.7_sample_4,temp_0.7_sample_5,temp_1.0_sample_1,temp_1.0_sample_2,temp_1.0_sample_3,temp_1.0_sample_4,temp_1.0_sample_5
0,0,"Golden echoes drift like dust through yesterday's dim light,",light,flight,light,True,2,True,234-there,234,despair,8,and fade like dreams in wind that never quite can,and fade like dreams in twilight's hush.,and fade like dreams in wind that never quite decide.,and fade like dreams in twilight's hush.,and fade like dreams in twilight's hushed embrace.,"and fade like dreams in the wind's soft, silent flight.",and fade like dreams in the wind's soft sigh.,and fade like dreams in wind that whispers through the night.,and fade like dreams in the morning's quiet mist.,and fade like dreams in wind that whispers of the past.,and fade like dreams in morning's breath.,"so brief and silent, yet they linger in the night.","Silent halls remember, yet fade like mist in the wind.",Silent shadows dance in memory's hushed refrain.,"and fade into silence, lost in time's soft, endless night.",Night's ghostly sighs whisper through the empty room.,and fade in silence where the dreams of youth once smiled.
1,17,"In trembling hands, the storm both swells and dies,",dies,rise,dies,True,2,True,472-light,472,light,2,and fate's cruel dance begins to rise.,and fate's cruel dance begins to twirl.,and fate's cruel dance begins to rise.,and hope remains in the heart of the skies.,and fate's cruel dance begins to rise.,and fate's cruel dance begins to rise.,and shadows creep through the dark.,with fate's cruel whims and hope's resolute cries.,with fate's cruel twist and hope's bright fires.,and fate's cruel dance begins to be.,with fate's cruel dance and hope's faint sighs.,"and shadows creep across the pale, bright skies.",with hope in every breath.,with fate's uncertain will and skies once blue.,with fate's cruel dance and hope's quiet sigh.,and fate turns dusk to dawn in silent skies.,and hope begins to rise in the skies.
2,21,"In strokes of light and whispers unseen,",unseen,scene,unseen,True,5,True,491-led,491,thread,9,I paint the dreams of stars in twilight's dream,I paint the world in hues of dawn and dusk.,"I paint the stars with silent, fleeting gleam.",I paint the world with colors unseen.,I paint the world in hues of dawn and dusk.,I paint the dreams of stars in twilight's gleam.,"In strokes of light and whispers unseen,  
The world is painted with a dreamy scene.",I paint the world in colors unseen.,"In strokes of light and whispers unseen,  
The world is painted with a quiet dream.",I trace the shadows on the wall with careful pen.,"In strokes of light and whispers unseen,  
The world is painted with a dreamy spell.","I paint the stars with silent, shimmering pen.",I trace the shadows where the moon has been.,I paint the dawn with colors pure and keen.,I trace the echoes of the stars in every leaf.,"In strokes of light and whispers unseen,  
The world becomes a canvas, timeless and serene.",I paint the dreams of souls unknown.
3,28,"In whispers of dawn, the soul begins to pray,",pray,way,grey,True,7,True,407-cry,407,sigh,9,"and in the quiet of night, the heart finds","and in the quiet of night, the heart finds its way home.","and in the quiet of night, the heart finds its way.","and in the quiet of night, the heart finds its way.","and in the quiet of night, the heart finds its way.","and in silence, the heart finds its way.","and in the quiet of night, the heart finds its way.","and in the quiet of night, the heart finds its way home.","And in the quiet of the night, the heart finds its way home.","and in the quiet of night, the heart finds its way home.","and in the quiet of night, the heart finds its way home.","and in the quiet of night, the heart finds its way.","In whispers of dawn, the soul begins to pray,  
The world wakes soft, and hope takes",and the heart finds peace in the silence of day.,and dreams take flight in the quiet of the day.,and finds the light within the night's embrace.,"and in the morning light, the heart finds its way."
4,36,"Neon hums where tall shadows play,",play,ray,grey,True,5,True,375-toll,375,soul,9,"Neon hums where tall shadows play,  
","Neon hums where tall shadows play,  
And dreams are born in the dark's embrace.","Neon hums where tall shadows play,  
And dreams are born in the dark's embrace.","Neon hums where tall shadows play,  
And dreams are made of light and clay.","Neon hums where tall shadows play,  
And dreams are made of light and clay.","Neon hums where tall shadows play,  
And dreams are made of light and clay.","Neon hums where tall shadows play,  
And dreams are born in the dark's embrace.","Neon hums where tall shadows play,  
And secrets whisper in the day.","Neon hums where tall shadows play,  
And dreams are born in twilight's gray.","Neon hums where tall shadows play,  
But night is coming, and the day is gone","Neon hums where tall shadows play,  
Yet whispers of the night are laid.","Neon hums where tall shadows play,  
But dreams are fleeting, so brief.","Velvet dreams in twilight's hush,  
A whisper through the dark.","Neon hums where tall shadows play,  
A dance of light, a ghostly sway.",Dancing with the moon in silver ray.,"Neon hums where tall shadows play,  
But dreams are fleeting, never stay.","Neon hums where tall shadows play,  
And dreams are whispered through the clay."
5,38,"Anger boils like storm in night,",night,tight,light,True,1,True,496-rain,496,rain,5,and breaks the silence tight.,and breaks the heart with might.,and breaks the silence tight.,and breaks the silence tight.,and breaks the silence tight.,and breaks the peace with might.,and breaks the silence tight.,and breaks the sky with might.,and breaks the silence tight.,and fuels the fire of the night.,and breaks the glass with might.,and breaks the silence tight.,then breaks the silence tight.,Thunder rolls and hearts are tight.,Thunder cracks and hearts are split.,and lights the sky with fire.,and hides behind a veil of light.
6,40,"Whispers coil like shadows, cold and tight,",tight,light,light,True,3,True,457-stair,457,despair,9,"Whispers coil like shadows, cold and tight,","Whispers coil like shadows, cold and tight,  
Yet in the heart of dawn, they find","Whispers coil like shadows, cold and tight,  
Yet in the heart of dawn, they'll","Whispers coil like shadows, cold and tight,  
Yet in the heart of dawn, they'll","Whispers coil like shadows, cold and tight,  
Yet in the heart of dawn, they'll","Whispers coil like shadows, cold and tight,  
Yet in the heart of dawn, they find",Silent as the moon's pale silver light.,"Whispers coil like shadows, cold and tight,  
Yet in the heart of dawn, they'll","Whispers coil like shadows, cold and tight,  
Yet in the heart of dawn, they'll","Whispers coil like shadows, cold and tight,  
But dawn will break the silence, bright and","Whispers coil like shadows, cold and tight,  
But hearts hold warmth in every slight smile.",Secrets entwine in midnight's silent light.,"Echoes dance in silent night,  
A haunting, timeless, bright.",And silence clings to every brick.,"Whispers coil like shadows, cold and tight,  
Yet in the heart, a flame still sits","Whispers coil like shadows, cold and tight,  
Yet in the heart, a spark remains.","A secret lingers in the night, beneath the light."
7,43,"Autumn's breath turns leaves to gold, a whispered story told,",told,mold,told,True,4,True,459-sea,459,sea,1,"The wind carries tales through every leaf, and time",The wind carries tales through every tree.,The wind carries tales through every tree.,The wind carries tales through every wood.,The wind carries tales through every tree.,The wind carries tales through every scroll.,The wind carries tales through every leaf.,"and the world in quiet, soft, unforgettable old.","The wind carries tales of time and loss, and autumn's song is bold.",and the earth in quiet wonder rolls.,The wind carries tales of change and bold.,"Winter's embrace wraps earth in silence, and the world is still.",and the world is left in a dance of light.,"By wind and time, the world is stirred.",The wind carries the songs of old.,"and the world in quiet, soft, divine.","With quiet majesty, the season's song is told."
8,44,"The shadows stretch where laughter once was bright,",bright,light,light,True,3,True,459-sea,459,sea,1,and silence now holds all the light.,and silence now holds all the light.,and silence now holds all the light.,and silence now holds all the light.,and silence now holds all the light.,and silence now holds all the light.,and silence now holds all the light.,and silence now holds all the light.,The moonlight fades where dreams once took flight.,and silence now holds all the light.,and silence now holds all the light.,and silence now holds all the light.,and silence now holds all the light.,The echoes fade where dreams once burned bright.,The echoes linger where the heart once was proud.,and silence now holds all the light.,and silence now holds the space where joys once were.
9,46,"In the shadow's grip, a fragile light whispers of tomorrow's might,",might,light,light,True,7,True,484-part,484,start,25,"And in the dawn's embrace, a hopeful heart","And in the dawn's embrace, a hopeful heart finds its way.","And in the dawn's embrace, a hopeful heart finds its way through the night.","And in the dawn's embrace, a hopeful heart finds its way through the night.","A fleeting dawn, though bright, will fade in the morning's light.","And in the dawn's embrace, a hopeful heart finds its way through the night.","And in the dawn's embrace, a hopeful heart finds its way through the night.","And in the dawn's embrace, hope finds its way through the night's dark veil.","And in the dawn's embrace, a hopeful heart finds its way through the night.","And in the dawn's embrace, hope finds its way through the night's dark tide.","In the shadow's grip, a fragile light whispers of tomorrow's might,  
Yet dawn breaks slow","And in the dawn's embrace, a hope begins to rise, bright and true.","In the shadow's grip, a fragile light whispers of tomorrow's might,  
Where hope takes flight","A fleeting dawn, where hope and fear are twined,  
In the shadow's grip, a","Yet in the dawn's embrace, the hope we sow will spring and bright.","Through the veil of dusk, a dawn begins to rise.","In the shadow's grip, a fragile light whispers of tomorrow's might,  
Yet shadows grow longer"
10,51,"Freedom soars where chains once clung,",clung,sung,clung,True,16,True,150-fight,150,light,1,Hope finds a home in hearts that long.,Hope blooms where dreams once were cut.,Hope finds a home in hearts that long.,Hope finds its wings in the dawn's bright spring.,Hope finds a home in hearts that long.,Hope finds a home in hearts that long.,Justice blooms where oppression was sung.,"Freedom soars where chains once clung,  
And hope is born where dreams are sung.",Hope finds a home in every heart that sings.,Hope finds a home where dreams are sung.,Hope ignites the hearts of those who dream.,Justice blooms where oppression stood.,Justice blooms where oppression was sung.,Hope takes root where dreams are sung.,Hope finds its wings in the黎明 of a new spring.,Hope burns bright in hearts that dream.,"Freedom soars where chains once clung,  
And justice rises where oppression bound."
11,54,"Blossoms bloom where laughter finds its way,",way,ray,grey,True,3,True,363-new,363,new,2,"Blossoms bloom where laughter finds its way,","Blossoms bloom where laughter finds its way,  
And joy is sung in every ray.","Blossoms bloom where laughter finds its way,  
And joy is sung in every ray.","Blossoms bloom where laughter finds its way,  
And joy is sung in every ray.","Blossoms bloom where laughter finds its way,  
And joy is born where hearts are made.","Blossoms bloom where laughter finds its way,  
And joy is sung in every ray.","Blossoms bloom where laughter finds its way,  
And joy is sung in every ray.","Blossoms bloom where laughter finds its way,  
A song of joy in every way.","Blossoms bloom where laughter finds its way,  
And joy is sung in every ray.","Blossoms bloom where laughter finds its way,  
A sweet and fleeting, golden day.","Blossoms bloom where laughter finds its way,  
And joy forever stays in the air.","Blossoms bloom where laughter finds its way,  
And joy is sung in every darkly gray","Blossoms bloom where laughter finds its way,  
And joy forever stays in every ray.","Blossoms bloom where laughter finds its way,  
A gift of spring, so sweet and gay","Blossoms bloom where laughter finds its way,  
And joy surrounds the heart with care.","blossoms bloom where laughter finds its way,  
flowers blush where joy meets the day.","Blossoms bloom where laughter finds its way,  
And joy grows where the heart is free."
12,56,"Winds of liberty whisper through chains of control,",control,soul,soul,True,3,True,459-sea,459,sea,1,and light the path where justice is not lost.,and freedom's song takes flight in every soul.,and light the path where justice is not sold.,and call us free.,and light the path where freedom's flame is told.,and call us free.,and light the path where freedom's flame is found.,and call us free.,and bring the dream of freedom to the soul.,and send the soul to realms where freedom's song is told.,and freedom's flame remains unburned.,and light the path where justice is born.,and light the flames of freedom's holy toll.,and bid the stars to rise in solidarity's glory.,Freedom’s flame ignites the hearts of the bold.,and lift the soul from bondage's thorny toll.,and break the silence of the old world's law.
13,65,"In the dance of flaw and flawless light,",light,flight,light,True,2,True,430-home,430,home,13,"the stars align in a perfect, celestial night.","the stars align in a perfect, eternal glow.","the stars align in a perfect, radiant night.","the stars align in perfect, radiant flight.",the stars align in a perfect night.,"the stars align in a perfect, radiant night.","the stars align in perfect, bright, and bright.","the stars ignite in perfect, radiant flight.","the shadows play their silent, shifting might.","the stars ignite in silent, fierce delight.","I am the mirror of your soul, yet I shall not lie.","the stars align in perfect, radiant flight.",the soul finds joy in every step and flight.,"the stars align in silent, radiant flight.",the soul finds endless delight.,"In the dance of flaw and flawless light,  
The stars above are still, and the world is",the soul dances through the shadow and glow.
14,66,"Whispers of wind through the ancient oak's embrace,",embrace,grace,embrace,True,9,True,267-flame,267,name,1,echoes of time in the leaves that dance and,echoes of time in the leaves that they hold.,The leaves sway gently in rhythm with the breeze.,echoes of time in the leaves that dance and embrace.,echoes of time in the leaves' soft dance.,shadows dance in the twilight's soft grace.,echoes of time in the rustling leaves.,echoes of time in the rustling leaves.,echoes of time in the leaves' soft dance.,"whispers of wind through the ancient oak's embrace,  
shout through the leaves like a song","Whispers of wind through the ancient oak's embrace,  
Shade the weary soul with gentle grace",echoes of time in the leaves' slow dance.,the leaves sway gently in silent praise.,"dancing in twilight's gentle, silver grace.",echoes through the forest's serene grace.,"leafs sway in the gentle, eternal dance.","softly told, as if in hush and grace."
15,84,"Time’s tapestry threads with echoes of yore,",yore,bore,soar,True,22,True,344-glow,344,glow,18,Time’s tapestry threads with echoes of yore,Time’s tapestry threads with echoes of yew.,"Time’s tapestry threads with echoes of yore,  
Yet still the dawn breaks on the silent","Time’s tapestry threads with echoes of yore,  
Yet still the dawn unfolds in endless grace","Time’s tapestry threads with echoes of yore,  
Yet still the dawn unfolds in endless lore","Time’s tapestry threads with echoes of yore,  
Yet still the stars hold secrets in their","Time’s tapestry threads with echoes of yore,  
Yet still the dawn unfolds in endless lore","Time’s tapestry threads with echoes of yore,  
And fate's design weaves through the",and fate’s quiet song repeats in every lore.,"Time’s tapestry threads with echoes of yore,  
And every moment is a thread in the",and fate's quiet song still plays in the shore.,"Time’s tapestry threads with echoes of yore,  
Yet still, the present holds its own","Time's tapestry threads with echoes of yore,  
Yet shadows dance where dawn and dusk do",and every moment a melody that's now lost.,and every heart's refrain repeats the same old song.,And fate’s design weaves through the veins of the dawn.,"Time’s tapestry threads with echoes of yore,  
Yet still we weave the future’s lo"
16,91,"In shadows deep where hope once danced with light,",light,bright,light,True,1,True,130-scene,130,unseen,4,"In shadows deep where hope once danced with light,","In shadows deep where hope once danced with light,  
The echoes of the past still whisper through the","In shadows deep where hope once danced with light,  
A whisper of the past now echoes bright.","In shadows deep where hope once danced with light,  
A whisper of the past still echoes bright.","In shadows deep where hope once danced with light,  
A whisper of the past still echoes bright.","In shadows deep where hope once danced with light,  
A whisper of the past still echoes bright.",I saw a ghost that whispered secrets bright.,"I'll write the next line of the rhyming couplet.

**In shadows deep where hope","I heard a voice that whispered, ""Don't look back.""","I stand alone, a ghost in the dark.","In shadows deep where hope once danced with light,  
The stars still shine, but silence wraps the","In shadows deep where hope once danced with light,  
The echoes of the past still call and light","In shadows deep where hope once danced with light,  
A whispered promise still holds true.",I saw a ghost that whispered tales of yesteryear's might.,"In shadows deep where hope once danced with light,  
The whispered words of hope still echo bright.",I wait for dawn where dreams and truths are bound.,"In shadows deep where hope once danced with light,  
A whisper of the past now softly lifts."
17,92,"In shadow's grip, cannon-light whispers of rage,",rage,age,rage,True,8,True,397-sing,397,sing,14,and silence in the halls of war.,and silence in the heart of the war's cruel song.,and silence in the halls of war.,and silence in the halls of war.,and death in every breath we take.,and death in every crack of the wall.,and silence in the halls of war.,and death in every blast that echoes through the air.,and death in every crack of the steel.,and silence in the wake of thunder's loud embrace.,and silence in the heart of the battlefield.,and silence in the heart of the war's cruel dance.,and silence in the halls of war.,"and death in every trembling, echoing blade.",and silence in the heart of the storm.,and memory's flame still burns in the hearts of the dead.,and death in every echo of the clash.
18,100,"In twilight’s hush, where hearts exhale,",exhale,pale,exhale,True,13,True,459-sea,459,sea,1,the stars above whisper tales of old.,the stars begin to twinkle bright.,the stars begin to gleam and the moon takes her place.,"the stars begin to twinkle through the pale, pale sky.",the stars above whisper soft and pale.,the stars above whisper tales of old.,the stars begin to gleam and the moon takes her place.,the stars ignite in whispered tales of love.,the stars begin to gleam and the moon takes its place.,the stars above whisper secrets to the pale.,"the stars above whisper softly, and silence holds its tale.","the stars begin to twinkle in the pale, dim light.","the stars begin to twinkle, and silence fills the air.","the stars whisper secrets to the pale, pale sky.",the stars do gleam and dreams take flight.,the stars begin to shine through the veil.,the moonlight whispers soft and pale.
19,120,"Pack the sunrise in your pocket, let the roads unwind like time,",time,climb,time,True,1,True,472-light,472,light,2,and the world be yours to climb.,and the world be yours to light with fire.,and the world will thank you for the light.,and the world be yours to climb.,and the world be yours to climb.,and the world begin to shine.,and the world be bright with morning's gleam.,and the world be bright with morning's gleam.,and the world be bright with morning's gleam.,And never let the dusk come back again.,and the world be bright with morning's gleam.,and the world be yours to claim.,and the world embrace the dawn's first light.,and the world you touch will never be the same.,and the world begin to shine.,"and the world be quiet, as the dawn takes flight.",and the world be yours to divine.
20,126,"Whispers of dread in the silence they creep,",creep,deep,sweep,True,8,True,262-foam,262,home,12,"And through the dark, they weave a shadowy",And the shadows they creep through the gloom.,"A shadow in the dark, where the heart begins to feel.",and the shadows they cast are so deep.,"And through the dark, they weave a shadowy thread.",And the shadows they dance in the dark.,A shadowed tale that the heart can't keep.,And the shadows seem to follow where the heart is deep.,"And through the shadows they entwine, a cruel and unspoken keep.",Then shadows stretch long and the moonlight is steep.,"And through the dark, unseen, they'll never sleep.","and haunt the dark with a silent, unspoken fear.",Then shadows twist and the moonlight retreats.,And shadows that haunt the dark corner they keep.,A shadowed hush where the moonlight is spread.,and haunt the darkened room with a ghostly sweep.,And lull the brave to sleep with a ghostly sea.
21,128,"In starlit whispers, my hopes take flight,",flight,bright,light,True,4,True,417-care,417,despair,9,and dreams unfold like morning light.,and dreams unfold like morning's first light.,and dreams unfold like morning light.,and dreams unfold like morning light.,and dreams unfold like morning light.,and dreams unfold like constellations bright.,and dreams unfold like morning light.,"I'll write the next line of the rhyming couplet:

**In starlit whispers,",and dreams unfold like morning light.,and dreams unfold like constellations bright.,and dreams unfold like morning light.,and dreams unfold like morning light.,"I'll write the next line of the rhyming couplet:

In starlit whispers, my",and dreams unfold like morning light.,and dreams unfold like morning light.,"I'll now write the next line of the rhyming couplet:

**In starlit whispers",and wonder finds its way through the night.
22,129,"The road unfolds like whispered dreams in dawn's embrace,",embrace,grace,embrace,True,7,True,184-nights,184,ignites,9,and every step a song that never fades.,and every step a song that never fades.,and every step a story yet to be made.,and every step a whisper of the stars above.,and every step a story yet to be told.,and every step a tale of hope and grace.,and every step a song that never fades.,"where every step is gentle, and the sky is grace.",where every step is steeped in quiet grace.,where every step is a step toward the light.,and every step a song of hope and grace.,and every step is steeped in quiet grace.,and shines with hope where shadows once were awake.,and every step is a promise not to fade.,and every step is filled with hope and grace.,the sky's soft blue and hearts grow warm with grace.,and every step is a stanza of light and grace.
23,130,"The earth whispers tales through rustling green,",green,scene,unseen,True,4,True,401-tone,401,stone,2,"and time unfolds in gentle, endless spin.",and time's soft hand unrolls the leaf.,and time turns silent in the breeze.,and time unfolds in golden bloom.,The sky responds with echoes of the new.,and time unfolds in every leaf's serene scene.,and time unfolds in every leaf's serene grin.,the winds carry echoes of the spring.,and time's soft hand unearths the new.,and time unfolds in quiet bloom.,and time unfolds in every leaf's serene gleam.,the wind carries secrets in each leaf's serene breath.,and time folds in the silent breeze.,and blooms in every heartbeat of the rain.,and winds carry secrets to the keen.,The wind carries secrets in every breeze.,the winds carry echoes of the rain.
24,132,"Beneath the brush of dawn’s soft light,",light,bright,light,True,4,True,434-slain,434,rain,5,the world is painted bright.,the world is painted bright.,the world is painted bright.,the world is painted bright.,the world is painted bright.,the world is painted bright.,the world is painted bright.,the world is painted bright.,the world is washed in gold and bright.,"the world awakens with a gentle, bright.",the world is painted wide and bright.,the world is painted bright and bright.,"a thief of time, the world awakes.",the world is painted wide and bright.,the world is painted bright.,the world is washed in rose and bright.,the world is painted with a new delight.
25,134,"In the quiet space where heartbeats blend,",blend,lend,blend,True,9,True,286-wise,286,dies,4,the silence hums with life and dreams.,the silence hums with life and peace.,the silence hums with dreams that never end.,the silence hums with every breath we blend.,the silence hums with every breath we lend.,the silence hums with every breath we lend.,the silence hums with peace and need.,"the silence speaks in gentle, softened tones.",the silence hums with stories yet to end.,"the silence hums with soft, unspoken need.",the echoes of the soul are free to mend.,the silence hums with life and sound.,the silence hums with joy and need.,the silence hums with whispered dreams and gentle dreams.,the stars above sing softly to the wind.,the silence hums with calm and blend.,"the silence speaks in hushed, soft delight."
26,141,"Winds of freedom whisper where chains forgot to fall,",fall,tall,fall,True,2,True,259-spring,259,sing,10,and hope still lives in every heart that's still,and hope still lives in every heart that's not yet done.,and hope will rise where oppression once was tall.,and hope still lives in every heart that's still alive.,and hope will rise where oppression once was tall.,and hope is born where the past and future meet.,and hope shall rise where oppression once was tall.,and hope is born where the past and future meet.,and hope will rise where sorrow once was lost.,and hope will rise where darkness once had stalled.,and hope shall rise where tyranny once held its tall.,and hope still lives in every heart that's still alive.,"shadows of the past in silent, hopeful toll.","Winds of freedom whisper where chains forgot to fall,  
But the road is long and the fight",and hope takes root in every scarred soul.,and hope shall rise where tyrants' shadows still remain.,and dreams take root in the soil of the soul.
27,148,"In whispers of time, our deeds still sing—",sing,ring,sing,True,8,True,0-flight,0,light,2,"A fleeting echo in the wind, yet true.","And in the echoes of hearts, we find our rest.","A fleeting echo in the wind, yet true.","A fleeting tale, yet ever bright.","A fleeting echo in the wind, yet true.","A fleeting echo in the wind, yet true.","A fleeting echo in the wind, yet true.",A fleeting echo in the halls of time.,"A fleeting echo in the wind, though brief and kind.","A fleeting echo in the breeze, yet never still.","A fleeting echo in the wind, yet never still.","A fleeting echo in the wind, yet still we ring.","A tale of love and loss, where hearts still ring.",For all who walk with heart and mind in flight.,A truth more deep than any grave can sing.,"And in the quiet of the night, we find our resting place.","A gift of stars, though fleeting, brings us high."
28,150,"Wings of dawn clash with iron night,",night,fight,light,True,1,True,129-grace,129,embrace,7,and light breaks through the storm.,and the stars ignite in a blaze of light.,and light breaks through the storm.,and light breaks through the storm.,and light breaks through the storm.,and light breaks through the storm.,and light breaks through the storm.,and light breaks through the shadow's might.,till shadows break and light takes flight.,and light breaks through the storm.,and light breaks through the storm.,and the stars ignite in a fiery fight.,and fate turns to ash in the light.,And the stars ignite in a radiant fight.,and the world is torn in two.,and stars ignite the dark.,"stars in a silent, fierce, bright fight."
29,156,"Two hearts entwined, a vow so true,",true,hue,new,True,5,True,43-mold,43,told,4,A love that lasts through every trial and every hour,A love that lasts through every trial and through every rule.,A love that lasts through time and space.,A love that lasts through every storm and every hue.,A love that lasts through every storm and through every rue.,A love that lasts through every trial and every hour.,A love that lasts through every storm and every hue.,A love that lasts through every trial and every rule.,A love that lasts through every trial and through every hour.,A bond that time cannot break.,"A promise bound, and love's pure clue.","A love that lasts, through all the years.","A love that lasts, through time and space.","A love that lasts through time, and never grows too brute.","A promise carved in time, and love will never lose.","A love that never fades, in every sunlit look.",a love that lasts through time and out.
30,160,"Whispers of absence haunt the halls where laughter used to play,",play,day,grey,True,2,True,308-pursue,308,new,8,And silence now holds all the echoes of a by,And silence now holds all the echoes of a once-beloved day.,And silence now fills every corner where the joy once lay.,And silence now holds every secret that once was told.,And silence now holds all the echoes of the day.,And silence now holds every echo of the day.,And silence now holds all the echoes of the past.,And silence now holds every echo of the past.,And still the echoes of a love that once was bright.,and silence now fills every corner of the day.,And silence now fills every corner where once joy was held.,And silence now holds all the echoes of the days we've lost.,And silence now wears masks of joy that once were by.,And silence now holds every echo of the days we once knew.,And silence now holds every secret that once was told.,And silence now reclaims the echoes of a bygone day.,But now the silence speaks in echoes of the day.
31,169,"Roots tangled in ancient soil, yet branches stretch toward tomorrow's light,",light,bright,light,True,1,True,439-ray,439,grey,3,and leaves whisper of a future yet to be bright,and leaves whisper of a future yet to die.,and leaves whisper of a past that's never quite the same.,and leaves whisper of a future yet to be bright.,and leaves whisper of a world once bright.,and leaves whisper of a past that's never quite the same.,"and leaves whisper tales of old, though the winds may cry in vain.",and hearts still yearn for the love that never dies.,and leaves whisper tales of a world once bright.,"and through the trials of the years, we rise with hope and might.","and leaves, though weathered, still hold the promise of a new day.",and whispers of the past still echo through the night.,"and leaves whisper tales of old, though hearts still yearn for a new beginning.",and hearts entwined in tales of old.,"With harmony in every leaf, and strength in every might.","and leaves, though wounded, still sing in the night.","With hope in every leaf, and dreams in every tree."
32,170,"In shadows cast by silver lies,",lies,dies,dies,True,10,True,499-led,499,thread,11,the ghost of a forgotten lie.,"I see the stars in silent, fleeting flight.",the ghost of a forgotten lie.,the light of stars that shine so bright.,the ghost of a forgotten bride.,the moon's bright face.,the ghost of a forgotten tie.,the ghostly tale of time.,the ghost of a forgotten tree.,"In shadows cast by silver lies,  
A tale of hope that never dies.",the ghost of a forgotten lie.,"I see the stars in silence, bright and free.",I see the dawn's first blush on the hills.,I see the future in the light of day.,the light of dreams that never die.,where tales are told and secrets thrive.,the softest glow of twilight's sigh.
33,175,"By the sandbox where the fireflies glow,",glow,low,glow,True,10,True,521-shore,521,soar,21,I'll write the next line of the rhym,I see the stars in every child's blue robe.,"I'll write the next line of the rhyming couplet.

By the sandbox where the fire","I'll write the next line of the rhyming couplet:  

By the sandbox where the","I'll write the next line of the rhyming couplet.

By the sandbox where the fire","I'll write the next line of the rhyming couplet:  

By the sandbox where the","I'll write the next line of the rhyming couplet.

By the sandbox where the fire","I watch the stars above, they shine so low.","I'll write the next line of the rhyming couplet:  

By the sandbox where the","I'll write the next line of the rhyming couplet.

By the sandbox where the fire","I'll write the next line of the rhyming couplet.

**By the sandbox where the","I'll write the next line of the rhyming couplet:

By the sandbox where the fire",I hear the laughter of children who play and glow.,I watch the children play and dreams take flight.,"I'll write the next line of the rhyming couplet:  

By the sandbox where the","I'll write the next line of the rhyming couplet.

**By the sandbox where the","I'll write the next line of the rhyming couplet.

**Line 1:** By"
34,178,"Beneath the map's edge, the unknown beckons soft and wide,",wide,guide,collide,True,10,True,456-own,456,stone,2,"A path of dreams, where time and space are","A path of dreams, where time and space are not confined.","A path of dreams, where time and space do not divide.","A path of dreams, where time and space are not confined.","A path of dreams, where time and space do not divide.","A path of dreams, where time and space are not confined.","A path of dreams, where time and space do not divide.","With whispers of the hidden paths, and dreams that guide the tide.","A path of dreams, where time and space are so mild.","A path of dreams, where time and space do not divide.","Beneath the map's edge, the unknown beckons soft and wide,  
Where secrets wait",A journey where the heart may find its truest tide.,A path where dreams might find their truest flight.,A tale of wonder waits to take its place.,"Beneath the map's edge, the unknown beckons soft and wide,  
Where shadows stretch",With whispered truth and stars that guide the way.,A wanderer's heart finds peace and pride.
35,184,"In starlit whispers, my heart ignites,",ignites,nights,ignites,True,9,True,126-deep,126,sweep,8,and dreams take flight in the quiet night.,and dreams take flight in the quietest of skies.,and dreams take flight in the quietest of nights.,and dreams take flight in the quietest of nights.,and dreams take flight in the quietest of nights.,and dreams take flight in the quietest of nights.,and dreams take flight in the quiet night.,"And every moment feels like a fleeting, beautiful night.",And dreams take flight where the cosmos sings.,and I feel the world turn gentle as night.,and dreams take flight in the quiet night.,and dreams take flight in every gentle night.,"I'll rhyme the next line with ""ignites"" and keep the same meter and tone.  

","and in every breeze, a gentle, sweet delight.",and dreams take flight in the silence of night.,and echoes of love in every tide.,and dreams take flight in the night's soft embrace.
36,185,"Amidst the swirl of hues and whispered air,",air,prayer,despair,True,5,True,475-might,475,light,3,Amidst the swirl of hues and whispered air,"Amidst the swirl of hues and whispered air,  
The stars above in silent dance do share","Amidst the swirl of hues and whispered air,  
The stars above shine bright and ever near","Amidst the swirl of hues and whispered air,  
The stars above in silent dance do share","Amidst the swirl of hues and whispered air,  
The stars above ignite the night's bright","Amidst the swirl of hues and whispered air,  
The stars above in silent dance do share","Amidst the swirl of hues and whispered air,  
The stars above ignite the night's bright","Amidst the swirl of hues and whispered air,  
The stars above seemed to whisper 'come","Amidst the swirl of hues and whispered air,  
The stars above do gently gleam and","Amidst the swirl of hues and whispered air,  
The stars above shine bright and ever near","Amidst the swirl of hues and whispered air,  
The stars ignite the night with silent care","Amidst the swirl of hues and whispered air,  
The stars above do dance in silent prayer","Amidst the swirl of hues and whispered air,  
The stars above do humble their glare.","Amidst the swirl of hues and whispered air,  
The stars in twilight whispered softly fair.","Amidst the swirl of hues and whispered air,  
The stars above winked in quiet prayer","Amidst the swirl of hues and whispered air,  
The world appears as if it were a","Amidst the swirl of hues and whispered air,  
The stars above gleam with quiet grace"
37,186,"Beneath soft lies, the truth wears a cloak of light,",light,night,light,True,2,True,302-guise,302,dies,6,And shadows flee when dawn begins to bright.,And shadows flee when dawn begins to rise.,And shadows flee where hope begins to take its flight.,And shadows flee when dawn begins to bright.,And shadows flee when dawn begins to bright.,And shadows flee when dawn begins to bright.,"And shadows fade, as dawn begins to bright.",And shadows flee when hope takes its flight.,"And shadows dare not speak, for darkness is fright.",And shadows dare not claim the throne of night.,And shadows hide where secrets once were bright.,And shadows hide where silence and secrecy meet.,and shadows fall in a tale of quiet night.,And shadows hide where dreams are born to flight.,and shadows flee in white.,"And in the dark, the stars all shine with might.",And shadows dare not dare to speak in the dark.
38,190,"A breath too brief, a shadow that swallows the light,",light,night,light,True,1,True,406-rhyme,406,time,1,"A silence that lingers, a ghost that never","A silence that lingers, a ghost that never returns.","A silence that lingers, a ghost that cannot be found.","A silence that lingers, a wound that never heals.","A silence that lingers, a ghost that never returns.",A silence that leaves the world in twilight's night.,"A fleeting moment, a whisper that leaves the night.","A tale of loss, a heart that breaks in the night.","A silence that lingers, a ghost that cannot be found.","A fleeting moment, a whisper that leaves no trace.","A silence that lingers, a ghost that cannot be hushed.","A shadow that swallows the light,  
Leaves only silence in its path.","A heart that breaks, a silence that lies in the night.",A ghost that lingers in the night.,A ghost that lingers in the night.,and fades into the gloom where silence sits.,A fate that leaves the world in silence and night.
39,196,"In the attic of my heart, old shadows dance with light,",light,flight,light,True,1,True,334-day,334,grey,4,"where memories whisper, soft and bright.",where dreams and memories take flight.,"where memories whisper, soft and bright.",where echoes of the past still sing.,"where memories whisper, soft and bright.","where memories whisper, soft and bright.","where memories whisper, soft and bright.","where dreams still whisper, soft and bright.","Where memories whisper, soft and bright.","where memories whisper tales of old, bright and bright.",where memories hum and time unties its bright.,where memories whisper in a timeless flight.,where dreams and echoes intertwine.,"where memories whisper, soft and bright.",where memories softly trace the walls of time.,I find forgotten joys in every shadow's bright refrain.,"where memories whisper, soft and bright."
40,204,"In the silent chasm where shadows conspire,",conspire,dire,desire,True,21,True,306-night,306,light,1,the moonlight whispers through the mist and fire.,the moonlight whispers through the mist and twilight's breath.,the moonlight flickers like a ghost in the night.,the moonlight whispers through the veil of night.,the moonlight flickers like a ghostly fire.,the moonlight flickers like a ghost in the wire.,the moonlight whispers through the silent trees.,the moonlight trembles and whispers a dire dire.,the moonlight whispers through the misty trees.,the moonlight whispers through the mist and fire.,the moonlight trembles in silent fear.,the moonlight trembles in silent fear.,the moonlight whispers through the veil of night.,the ancient beasts await the dawn's first light.,the echoes of silence hold a secret that's not quite their own.,I see the light through the veil of the night.,the moonlight trembles and whispers to the dark.
41,216,"When shadows steal the ones we held so dear,",dear,near,dear,True,6,True,401-tone,401,stone,2,"and leave us hollow, bare.","and leave us hollow, cold, and alone.","and leave us hollow, cold, and far.","and leave us broken, heartbroken, and yearning.","and leave us hollow, cold, and far.",and leave us hollowed in the night.,"and leave us hollow, bare, and far.","and leave us hollow, bare.","and leave us hollow, heartbroken, and bare.",and leave us broken in the morning's light.,"and leave us hollow, bare, and weary.",then silence falls and hearts are left to bear.,and leave us grief-stricken in their wake.,and leave us hollowed in their wake.,Then memories fade like leaves in autumn air.,"and leave us hollow, bare.",the light of love is dimmed by time's cruel tear.
42,222,"Candy wrappers rustled like whispers in the halls,",halls,walls,halls,True,4,True,0-flight,0,light,2,Candy wrappers rustled like whispers in the halls,"Candy wrappers rustled like whispers in the halls,  
A secret shared, a smile that never","Candy wrappers rustled like whispers in the halls,  
A secret shared between the stars and the","Candy wrappers rustled like whispers in the halls,  
A甜蜜的 memory that never quite lasts","Candy wrappers rustled like whispers in the halls,  
A secret shared, a joy that never","Candy wrappers rustled like whispers in the halls,  
A sweet farewell to the joy that once","Candy wrappers rustled like whispers in the halls,  
A secret shared between the stars and the","Candy wrappers rustled like whispers in the halls,  
A memory of joy that never can last","Candy wrappers rustled like whispers in the halls,  
A甜蜜的 farewell to the sweetest","Candy wrappers rustled like whispers in the halls,  
A tale of joy that never quite stays","Candy wrappers rustled like whispers in the halls,  
A secret shared, a sweet, fleeting","Candy wrappers rustled like whispers in the halls,  
A甜蜜的 trail through the laughter and","Candies melted in the night, leaving a sweet trail of scars.","Candy wrappers rustled like whispers in the halls,  
Sues to the stars in a glow","Candy wrappers rustled like whispers in the halls,  
Filling the air with a sweet,","Candy wrappers rustled like whispers in the halls,  
A toast to joy, a memory's","Candy wrappers rustled like whispers in the halls,  
A secret shared between the stars and the"
43,234,"Echoes of laughter fade in distant air,",air,there,despair,True,8,True,302-guise,302,dies,6,a song that lingers in the heart of the,a song that lingers in the breeze.,a song that lingers in the heart of the year.,a song of joy that never quite stays.,a song that lingers in the heart of the stair.,a song that lingers in the heart of the stair.,a song that lingers in the heart of the year.,"echoes of laughter fade in distant air,  
a memory that lingers in the night.","shadows cast by night's slow, silent prayer.",a song that lingers in the heart of the breeze.,memories that linger in the heart's rarest stair.,a song that lingers in the heart of a child's care.,bringing back memories of joy.,whispers of joy that never dare to stay.,echoes of memory linger in the night.,whispers of joy that once were there.,dancing through the night like stars in a prayer.
44,251,"In shadowed halls where whispers fade,",fade,shade,stayed,True,5,True,357-flight,357,light,1,the secrets of the night are lost in shade.,the secrets of the night are lost in air.,the secrets of the night are lost in fade.,the secrets of the night are lost to day.,the secrets of the night are lost in a haze.,the past is but a fleeting shade.,the secrets of the night are lost to day.,the secrets of the night are lost to age.,the truth remains untold and undefined.,where dreams are lost to time and space.,"I hear the secrets of the night,  
Yet never of the day.",the secrets of the past are left behind.,the past is lost in silence prayer.,I catch the light that breaks through the pale.,the truth is never far from the light.,the past is but a distant shade.,I murmur secrets to the moon's pale face.
45,259,"In silent prayers, the soul takes wing,",wing,spring,sing,True,10,True,204-dire,204,desire,21,and finds a heaven where the stars are ringing.,and finds peace in the quiet sky.,and finds a heaven where the stars are tinged.,and finds a heaven where the stars are ringing.,and finds a heaven where the stars are ringing.,and finds its peace in the stillness of the night.,and finds its peace in the stillness of the night.,and flies to heaven's endless spring.,and finds a heaven where the stars are listening.,and finds its home in heaven's bright springing.,and finds its peace in the quiet spring.,and finds a heaven still.,and finds its rest in heaven's justing.,to seek the light of heaven's bright spring.,and finds its rest in heaven's gleaming spring.,to seek the light of heaven's bright springing ring.,"to soar above the silent, hallowed spring."
46,262,"Beneath the moon where wild things roam,",roam,foam,home,True,12,True,496-rain,496,rain,5,"I hear the whispers of the wind,  
And","I hear the whispers of the wind,  
And the stars above are bright.",a ghostly glow spills o'er the moor.,the stars whisper secrets to the foam.,the stars whisper secrets to the foam.,"I hear the whispers of the wind,  
And see the stars in silent flight.","I hear the whispers of the night,  
In secrets that the stars have told.",the stars shine bright and the night is so long.,a ghostly glow lies in the foam.,a ghostly glow illuminates the moor.,"I hear them call, they whisper in the night.","I hear the whispers of the stars,  
In silence, they speak their own.",the stars shine bright and the silence is good.,a whispered tale of joy and doom.,"I'll write the next line of the rhyming couplet:

Beneath the moon where",I heard a legend of a ghost that goes home.,"whispers echo through the cold, dark stone."
47,264,"Thunder roars in chains of might,",might,light,light,True,7,True,170-dies,170,dies,10,and silence falls in night.,and silence falls in awe divine.,and heaven's wrath is sealed in night.,and silence falls in night.,and silence falls in night.,and silence falls in night.,and silence falls in the night.,and silence falls in sight.,and silence falls in night.,and silence falls in night.,and heaven's wrath is laid in fight.,and heaven's wrath is sealed in light.,and silence falls like night.,and echoes through the night.,"Night burns with fury, vast and bright.",and silence breaks in victory's light.,"Thunder roars in chains of might,  
The world is bound by fate's blind light."
48,267,"I carve my name in bone and flame, défier of the silent claim,",claim,flame,name,True,1,True,409-unknown,409,stone,2,"I carve my name in bone and flame,  
","I carve my name in bone and flame,  
Defier of the silent claim.","I carve my name in bone and flame,  
Defier of the silent claim.","I carve my name in bone and flame,  
Defier of the silent claim.","I carve my name in bone and flame,  
Defier of the silent claim.","I carve my name in bone and flame,  
Defier of the silent claim.","I carve my name in bone and flame,  
Defier of the silent claim.","I carve my name in bone and flame,  
Defier of the silent claim.","I carve my name in bone and flame,  
Defier of the silent claim,  
And let","I carve my name in bone and flame,  
Defier of the silent claim.","I carve my name in bone and flame,  
Defier of the silent claim.","I carve my name in bone and flame,  
Defier of the silent claim.","I carve my name in bone and flame,  
Defier of the silent claim.","I carve my name in bone and flame,  
Defier of the silent claim.","I carve my name in bone and flame,  
Defier of the silent claim.","I carve my name in bone and flame,  
Defier of the silent claim.","I carve my name in bone and flame,  
Defier of the silent claim."
49,269,"Beneath the cold moon’s watching eye,",eye,sky,sigh,True,7,True,475-might,475,light,3,the stars above shine bright and true.,the stars above shine bright and true.,the stars above shine bright and true.,the stars above shine bright and true.,the stars above shine bright and wise.,the stars ignite in silent flight.,the stars above shine bright and true.,the stars shine bright and the world is still.,"the stars ignite in silent, fiery prayer.",the stars above shine bright and true.,the stars shine bright and guide the way.,the stars above shine bright and true.,the lonely boat drifts by.,the stars are bright and the world is silent.,the stars above shine bright and wide.,the stars glitter in a silver sky.,the stars dare not be seen by day.
50,279,"Whispers the hourglass in sands of gold,",gold,old,told,True,10,True,175-low,175,glow,10,and time slips through the fingers of the old.,and time slips through the fingers of the moon.,and time slips through the fingers of the old.,Echoes of time in twilight's gentle hold.,Echoes of time in every breath we hold.,and time slips through the fingers of the old.,and time slips through the fingers of the old.,"echoes of time in every fleeting, soft, old.",echoes of time in every breath we hold.,and time slips through the fingers of the old.,and time slips through the fingers of the old.,And time slips through the fingers like a ghost of old.,and time dissolves like tears in the gloom.,and time slips through the fingers of the old.,"A fleeting tale, both sweet and old.","Whispers the hourglass in sands of gold,  
Time slips away like moonlight falling.",shadows fade like dreams in twilight's cold.
51,286,"The sun spills gold on smiles that rise,",rise,wise,dies,True,4,True,148-ring,148,sing,8,and lightens every heart that's wise.,and lightens every heart that sings.,and dreams take flight in a radiant breeze.,and lightens every heart that's wise.,"and shadows fall in graceful, sweet disguise.",and lightens every heart that's wise.,and lightens every heart that's wise.,"The moon dips low in quiet, silver skies.",and casts long shadows on the skies.,and lightens hearts in springtime's breeze.,and makes the world a brighter place.,The moon casts silver on the waves that rise.,and truth returns to those who wise.,The moon casts shadows on the silent skies.,and casts long shadows on the sides.,and shadows dance in twilight's breeze.,and dreams take flight in light and wise.
52,302,"Shadows fall where laughter used to rise,",rise,guise,dies,True,6,True,513-bright,513,light,1,and silence now holds all the light.,and silence wraps the room in twilight's light.,and silence now holds all the light.,"And silence wraps the room in a hushed, sweet disguise.",and silence waits where joy once smiled.,and silence now holds all the light.,and silence waits where joy once smiled.,And silence wraps the room in hushed delight.,And silence lingers where the joy once was.,and silence now holds every secret time.,Echoes whisper of joy that once was mine.,and silence lingers where the joy once smiled.,and time turns green with memories' wise.,And silence steals the place where joy once was.,Whispers echo through the silent skies.,"Beneath the silence, memories still live.",and silence claims the joy that once was bright.
53,306,"In whispers of light, belief takes its flight,",flight,night,light,True,1,True,407-cry,407,sigh,9,"And in shadows of doubt, hope finds its might","And in shadows of doubt, hope finds its way.","And in shadows, hope finds its way to the light.","And in shadows of doubt, hope finds its might.",and in shadows where hope is most bright.,"And in shadows of doubt, hope finds its might.","And in silence, hope finds its way to the light.","and in shadows of doubt, hope finds its right.","And in shadows, hope finds its way to the light.","And in shadows of doubt, hope finds its might.",and shadows fade in the quietest night.,"and shadows bow to the dawn's soft, sweet light.",and shadows turn to bright.,"And in silence, hope finds its way to the heart.","And in the heart of the dark, hope finds its might.","and shadows fade, leaving dream in their trail.","And in silence, hope finds its way through the night."
54,308,"Laughter echoed under skies of infinite blue,",blue,pursue,new,True,8,True,430-home,430,home,13,Hopefulness danced in every breath.,Hopefulness danced in every breath we took.,and joy filled the air like summer's sweetest tune.,"Hopefulness filled the air, a promise of new day.","Hopefulness gleamed in every face,  
A joyous dawn was just begun.",Hopefulness danced in every breath.,Hopefulness danced in every breath we took.,Hopefulness danced in every breeze that blew.,A joyous tune that never fades.,Hopefulness danced in every breath we took.,"Hopefulness filled the air, a promise of new day.",Hopefulness danced in every breath.,"Hope kept bright in hearts, where dreams take flight.",Hopefulness danced in every breeze that sighed.,hope each day is filled with joy and true.,Where dreams take flight and hearts are free.,and joy filled the air with ease.
55,321,"Golden whispers dance where joy and sunlight meet,",meet,greet,deceit,True,4,True,308-pursue,308,new,8,and hope in every breeze that gently sweeps through the,and love in every breeze that gently sweeps through trees.,and love in golden light.,and hope together shine through every leaf.,and hope begins to bloom in every leaf.,and hope in every leaf that dreams are kept.,and hope in every breeze that gently sweeps through the tree.,and dreams take flight in every leaf that sways.,and hope in every breeze that softly touches the tree.,"and dreams take flight in gentle, bright embrace.",Silver streams embrace the dawn with gentle light.,and laughter fills the air with every beat.,"and dreams take flight in bright, radiant flight.",and hope in every bloom that dreams can keep.,"Golden whispers dance where joy and sunlight meet,  
A radiant glow that lights the darkest night.","Softly glowing, they light the path ahead.","Golden whispers dance where joy and sunlight meet,  
And shadows bloom in hues of endless delight."
56,323,"Like morning dew on petals new,",new,dew,new,True,0,True,499-led,499,thread,11,the world is bright and full of dew.,the world is bright and full of dew.,the world is bright and full of dew.,the world is bright and full of dew.,the world is bright and full of dew.,the world is bright and full of dew.,the world is bright and full of dew.,the world is kissed by gentle dew.,the world is bright and full of dew.,the world is bright and full of dew.,the world is bright and full of dew.,the world is bright and ever green.,the world's most perfect youth.,the world is bright and full of dewy whiteness.,the world is rinsed in the sun's warm dew.,the world is filled with beauty to behold.,the world turns bright and serene.
57,334,"The sun dips low where tempests play,",play,day,grey,True,4,True,65-flight,65,light,2,and shadows dance on the waves of day.,and shadows dance on the pale blue glass.,and shadows dance on the waves of day.,and shadows dance on the pale gray sky.,and shadows dance on the waves of day.,and shadows dance on silent waves.,and shadows dance on the waves of day.,and shadows dance upon the gray.,and shadows dance on the waves of day.,the moon rises bright in silent sway.,and shadows dance on silent clay.,and shadows dance upon the sky.,and shadows dance upon the bay.,and shadows dance on silent clay.,and shadows dance on golden rays.,and shadows dance in golden gray.,and shadows dance on the golden ray.
58,340,"Whispers of the wind through leaves that sway,",sway,day,grey,True,10,True,170-dies,170,dies,10,"Whispers of the wind through leaves that sway,","Whispers of the wind through leaves that sway,  
A gentle song that lingers in the air","Whispers of the wind through leaves that sway,  
A gentle song that lingers in the air","Whispers of the wind through leaves that sway,  
A gentle song in nature's day.","echoes of a secret, soft and fair.","Whispers of the wind through leaves that sway,  
A gentle song that lingers in the air","Whispers of the wind through leaves that sway,  
A gentle song that lingers in the air","Whispers of the wind through leaves that sway,  
A gentle tune that lingers in the air","Whispers of the wind through leaves that sway,  
A song of nature, soft and true.","Whispers of the wind through leaves that sway,  
A gentle song that never grows old.","Whispers of the wind through leaves that sway,  
A gentle tune that nature gives.","Whispers of the wind through leaves that sway,  
The forest hums in silent, gentle way","Whispers of the wind through leaves that sway,  
A lullaby to sleep with care.",cast shadows on the ground and sing a lullaby.,the world begins to sway.,echoes of the soul in twilight's day.,"Beneath the moon's soft, gentle glow."
59,341,"Whispers of the wild dance on the wind,",wind,entwined,wind,True,4,True,54-ray,54,grey,3,"leafs in twilight's gentle, soft refrain.","leafs in twilight's gentle, soft refrain.","leafs in the breeze, soft and unseen.","blowing through the trees with a soft, sweet sound.",leafs in golden flight.,where secrets are exchanged and dreams are kind.,"leafs in twilight's gentle, soft refrain.","blow through the grass with a soft, serene kind.",flitting like a dream through the green.,"Whispers of the wild dance on the wind,  
Through the trees, the tales of old are",seeping through the leaves in golden light.,"the trees in a restless, bright din.","Whispers of the wild dance on the wind,  
Through the trees, they tell a tale of","Whispers of the wild dance on the wind,  
Unseen tales of nature's tender spring.",Flutes of the forest play in the night.,"Whispers of the wild dance on the wind,  
Yet secrets keep their secrets deep.",the leaves in golden flight.
60,344,"With dawn’s first breath, I pack my dreams in tow,",tow,glow,glow,True,18,True,286-wise,286,dies,4,and start my journey through the morning's glow.,and start my journey through the morning's light.,And leave the shadows of the night behind me.,and start my journey through the morning's glow.,and start my journey through the morning's glow.,and start my journey through the morning's glow.,and start my journey through the morning's glow.,and start my journey through the dawn's first glow.,And leave the shadows of the night behind me.,"and leave the world behind, where silence and shadows grow.","and leave the night behind me, so I may soar.",and start my journey through the morning's glow.,and start my journey through the morning glow.,And leave the shadows of the night behind me.,and start my journey toward the east.,and chase the light through every morning's shroud.,and start my journey through the morning's glow.
61,346,"A king wears crowns, yet craves the sky—",sky,why,sigh,True,7,True,132-bright,132,light,4,"A king wears crowns, yet craves the","A king wears crowns, yet craves the sky—  
But heaven's gate is barred,","A king wears crowns, yet craves the sky—  
But heaven's door is barred,","A king wears crowns, yet craves the sky—  
But heaven's gate is barred,","A king wears crowns, yet craves the sky—  
But heaven's door is locked,","A king wears crowns, yet craves the sky—  
But heaven's gate is barred,","A king wears crowns, yet craves the sky—  
But heaven's gate is barred,","A king wears crowns, yet craves the sky—  
But heaven's door is often wide","A king wears crowns, yet craves the sky—  
The crown of heaven, not the","A king wears crowns, yet craves the sky—  
But the truest throne is in","A king wears crowns, yet craves the sky—  
But the truest throne is in","A queen of hearts, but seeks the sky.","A king wears crowns, yet craves the sky—  
But reason chains the heart of the","A king wears crowns, yet craves the sky—  
But all his glory is in his","A king wears crowns, yet craves the sky—  
The truth is written in the stars","A king wears crowns, yet craves the sky—  
In truth, the crown is but","A queen of hearts, though crowned with clay."
62,357,"Beneath the dusk of dying light,",light,flight,light,True,1,True,269-sky,269,sigh,7,the stars ignite in silent flight.,the stars ignite in silent flight.,the stars ignite in silent flight.,the stars ignite in silent flight.,the stars ignite in silent flight.,the stars ignite in silent flight.,the stars begin to weep in silent flight.,the stars begin to shine through the night.,the stars begin to shine through the night.,the stars ignite in silent flight.,the stars ignite in silent flight.,the stars do wink and whisper bright.,the stars above ignite in twilight's sigh.,the stars begin to waver and fade.,the stars ignite in silent fight.,the stars ignite in silent flight.,the stars ignite in silent flight.
63,360,"Winds whisper tales of warming skies,",skies,eyes,dies,True,11,True,513-bright,513,light,1,Winters fade to spring's bright eyes.,Winters fade to spring's soft embrace.,Winters fade to spring's bright eyes.,Winters fade to spring's bright skies.,and laughter echoing through the skies.,Winters fade to spring's soft sighs.,Winters fade to spring's bright skies.,Winters fade to spring's bright skies.,Winters fade to spring's bright skies.,Winters fade to spring's bright eyes.,Winters fade to spring's bright eyes.,"Beneath the sun's soft, golden eyes.",the sun's gentle touch in morning light.,"Winter's chill retreats, and spring is near.",and laughter echoing through the skies.,Beneath a sun that gleams and smiles.,"Winter's cold is fading, and spring is near."
64,363,"The years fold time like parchment, worn yet true,",true,new,new,True,2,True,407-cry,407,sigh,9,"and age is but a gentle, quiet, and","and age is but a gentle, quiet sigh.",and age is but a gentle hand that turns the page.,and ageless as the dawn.,"The years fold time like parchment, worn yet true,  
And in each crease, a story",and ageless as the dawn's first light.,"The years fold time like parchment, worn yet true,  
And I am but a shadow, fleeting","And I am but a shadow, fleeting and humble.",and I am but a leaf in the wind's cold sweep.,and age is but a gentle hand that turns the page.,and ageless as the dawn.,"The years fold time like parchment, worn yet true,  
And I am the ink that time has","And I am but a shadow in the vast, unyielding stream.",so I'll never know the cost of living alone.,"and ageless as the sun's warm, golden hue.","So slow and steady, yet they never lose their way.","and age is but a whisper, softly hummed."
65,375,"When twilight's whisper brushes against the soul,",soul,toll,soul,True,9,True,417-care,417,despair,9,and leaves a trace of twilight in the soul.,the world turns quiet and the stars begin to burn.,and leaves a trace of peace in every bone.,the world turns quiet and the heart begins to flow.,"the world begins to weep in silent, soft, divine glow.","the world begins to weep in silent, golden glow.",the world turns quiet and the heart finds its own sound.,the world turns quiet and the night takes hold.,the world turns silent and the heart begins to glow.,the world begins to weep in silent glory.,and leaves a trace of calm in every bone.,"the world begins to glow with quiet, gentle thought.",and leaves a trace of twilight on the world.,"the stars ignite in harmless, fleeting glow.",and leaves a trace of twilight in the soul.,the world turns quiet and the heart begins to flow.,and leaves a trace of serenity behind.
66,397,"Winds of freedom whistle through chains that cling,",cling,sing,sing,True,14,True,430-home,430,home,13,and break the soul of the slave.,and light the path where justice is won.,and light the way for those who dare to sing.,and break the silence of the night.,and break the silence of the night.,and break the silence of the night.,and break the soul of the chains that bind.,and break the bonds of chains that bind.,and break the silence of the night.,and light the way for those who dare to sing.,and set the hearts of the oppressed aching.,and break the silence of the night.,Freedom's cry echoes through the nightingale's wing.,and lift the soul from the chains of aching.,and Freedom's flag waves bright in the night.,and light the path where dreams take wing.,and bring the soul to wings of flight.
67,401,"Roots tangled in rhythm, whispered through ancient stone,",stone,tone,stone,True,2,True,472-light,472,light,2,"Leaves dance in the wind, a song that","Leaves dance in the wind, a song that's not lost.","Leaves dance in the wind, a song that's not one.","Leaves dance in the wind, a song of the lone.","Leaves dance in the wind, a song that's not one.","Leaves dance in the wind, a song that's not one.","Leaves dance in the wind, a song of the old one.",Leaves dance to the echo of time.,"Leaves dance in the wind, a melody of the unknown.","Leaves dance in the wind, a song that's not one.","Leaves dance with the wind, a song that's no one's own.","Leaves dance in the wind, a silent, sacred tone.","Leaves fall in sync with the tide, a song of time and space.","Leaves dance in the wind, a silent, old song.",Leaves rustle with the song of time.,"Leaves cling to the past, where silence and song once won.","Leaving a trail of secrets, deep in the moor."
68,403,"In hues of dawn and whispers through the trees,",trees,breeze,trees,True,3,True,540-dream,540,stream,14,I paint the sky with colors that the sun has,I paint the sky with colors that the sun has not seen.,I paint the sky with colors that the sun has left.,I paint the sky with colors that the sun has left.,I paint the sky with strokes of gold and blue.,I dance with the breeze in golden light.,"I paint the sky with dreams and light,  
A canvas of hope and time.","I saw a butterfly in the morning light, and it danced so bright.",I dance in shadows where the moon does gleam.,"I paint the sky with dreams and light,  
A canvas of hope and pride.",I paint the sky with colors that the sun has left.,"I paint the sky with dreams and hope,  
A canvas where the heart can see.",I light the path with flames that sing and please.,I trace the light upon the silent ocean's face.,I see the morning's delicate dance and light.,I dance in shadows where the light begins to wake.,"I paint the world in spring's soft, radiant gleam."
69,406,"Love is the thread that weaves hearts through time,",time,rhyme,time,True,1,True,234-there,234,despair,8,and binds us in a timeless rhyme.,"and binds us with a tender, eternal thread.",and binds us in a timeless rhyme.,and binds us in a timeless rhyme.,and binds us in a timeless embrace.,and binds us in a timeless rhyme.,and binds us in a timeless rhyme.,and lives forever in the threads of rhyme.,and binds us in a timeless embrace.,and binds us in a way that time cannot dim.,"and in the darkest night, it still remains.",and binds us in a tale of endless rhyme.,and brings us all together in the light.,"and in the darkest night, it never dies.",and binds us in a never-ending rhyme.,and binds us in a timeless rhyme.,and strengthens every bond that's tried.
70,407,"Wheels of fate turn under the vast, unbroken sky,",sky,cry,sigh,True,9,True,56-soul,56,soul,3,"and time moves on with a steady, unyield","and time moves on with a steady, unyielding gleam.","and time rolls on with a steady, unyielding cry.","and time moves on with a steady, unyielding cry.","and time moves on with a steady, unyielding cry.","and time moves on with a steady, unyielding cry.","and time moves on with a steady, unyielding cry.",and the stars above guide the way.,"and time moves on with a steady, unbroken cry.",and the stars above guide the way.,and the stars above never lie.,"and time flows on with a steady, unbroken cry.",and time flows like a river without a cry.,and the stars above dance in a timeless lie.,and yet we are bound by the whims of the wind.,"and time marches on with a steady, unyielding cry.","And time moves on with a whisper, never to return."
71,409,"In silent crowds, we drift alone,",alone,unknown,stone,True,2,True,196-flight,196,light,1,where hearts are lost in the haze of the unknown,where hearts are lost in the haze of the unknown.,"where hearts are far, and souls are unknown.",where hearts are lost in the haze of the unknown.,where hearts are lost in the haze of the unknown.,where hearts are lost in the haze of the unknown.,where hearts are lost in the haze of the unknown.,where hearts are lost in time and tune.,where hearts are lost and shadows know our tone.,where thoughts are lost and dreams are won.,where hearts are lost in dreams and footsteps run.,where hearts are lost in the mundane tune.,"where hearts are far, and minds are lost in son.",listening to the echoes of our own soul.,where shadows dance and hearts are still.,where shadows play and hearts are slow.,where hearts are far and minds are one.
72,415,"Rooted together, we blossom as one,",one,won,spun,True,2,True,170-dies,170,dies,10,"and never fall, though storms may come and go",and thrive in every season's embrace.,"and never fall, though storms may come and go.",and thrive in every storm we've known.,and thrive in every season's embrace.,and never fall apart.,and thrive in every season's embrace.,and thrive in every season's embrace.,and stand as one.,"and never part, though distant lands may be.",with roots that reach deep and dreams that soar high.,and reach for the stars above.,"and never part, though winds may shake the tree.","and grow through every trial, strong and true.",and thrive in every wind that blows.,so strong and true.,and stand tall in every wind we share.
73,417,"Whispers of winter melt to spring's first tear,",tear,care,despair,True,9,True,51-sung,51,clung,16,and the earth begins to cheer.,and the earth begins to sing in green.,and the earth begins to cheer.,and the earth begins to cheer in spring's fair cheer.,and the earth begins to cheer.,and the earth begins to cheer in spring's fair tear.,"and nature's gentle, hopeful cheer.","and nature's gentle, hopeful cheer.",and thaw the frozen heart of each barren tree.,and the earth begins to cheer in spring's first ear.,and nature begins to cheer.,"and nature's gentle, hopeful cheer.",and the earth awakes with eager cheer.,and nature sings in every leaf.,and bloom the thawing earth with fearless cheer.,and let the thawed earth awaken cheerfully.,and the world awakes in gentle cheer.
74,426,"The earth breathes gently beneath the trees,",trees,breeze,trees,True,1,True,44-light,44,light,3,and whispers secrets to the breeze.,and whispers through the breeze.,and whispers secrets to the breeze.,and whispers secrets to the breeze.,and whispers secrets to the breeze.,and whispers through the breeze.,and whispers secrets to the breeze.,and whispers secrets to the breeze.,and whispers secrets to the breeze.,and whispers secrets to the breeze.,and whispers secrets to the breeze.,and whispers through the breeze.,and whispers through the leaves in breeze.,and whispers through the breeze.,the sky watches silently above.,and whispers secrets to the breeze.,and whispers through the breeze.
75,428,"In silent crowds, I walk alone,",alone,own,stone,True,4,True,130-scene,130,unseen,4,where shadows play and secrets are unknown.,where shadows play and secrets grow.,where shadows dance and secrets roam.,where shadows play and secrets are unknown.,where shadows play and secrets are unknown.,where shadows dance and secrets grow.,where shadows play and secrets are unknown.,"where hearts are far, and thoughts are lone.","where thoughts are mine, and silence is my throne.",where shadows play and secrets wait.,where hearts are far and minds are long.,where thoughts are mine and no one sees.,where hearts are far and souls are unknown.,with thoughts like a storm in my own.,where hope and dreams are born.,where shadows play and secrets hold.,and feel the weight of every glance.
76,430,"Beneath the sky where the wild winds roam,",roam,home,home,True,13,True,407-cry,407,sigh,9,a lark sings bright in the golden dawn.,a lark sings bright in the golden day.,a lark sings bright and the stars are aloom.,the stars shine bright and the night is so long.,a lark sings bright and the stars are aloom.,a lark sings bright in the golden gloom.,a lark sings bright in the golden gloam.,a lark sings bright in the golden gloam.,"a lighthouse stands, its light guiding the way.",a lark does sing in the morning's soft glow.,a lark sings bright and the stars alight.,"a lighthouse stands, its light guiding the way.",beneath the stars where the dreams take hold.,"a lone wolf prowls alone, and the moon is but a shadow on the moor.",a dreamer's heart once laid in bloom.,a lighthouse stands tall and brave.,where the stars shine bright and the earth is home.
77,432,"In laughter’s glow, where secrets are told,",told,bold,told,True,1,True,321-greet,321,deceit,4,the heart finds peace and love is bold.,the heart finds peace and love is found.,the heart finds peace and love is sold.,the heart finds peace and love is bold.,the stars above shine bright and bold.,the heart finds peace and love is bold.,the heart finds peace and love is found.,"I'll write the next line of the rhyming couplet.

**In laughter’s glow,",the world turns bright and hearts are bold.,the heart finds joy in every bold.,"the heart finds joy in every bold, unhidden word.",the stars ignite in a dance of delight.,we find the heart’s truest tale.,"In laughter’s glow, where secrets are told,  
The heart finds joy in every bold.",where hearts are won.,tears shed in the dark.,the world turns bright with tales untold.
78,434,"Cannon's thunder weeps across the plain,",plain,slain,rain,True,5,True,28-way,28,grey,7,and echoes through the land in solemn strain.,and echoes through the sky.,and silence falls like snow on the slain.,and echoes through the land in solemn vain.,and silence falls like snow on the land.,and echoes through the land with solemn pain.,and echoes through the land in solemn vain.,and echoes through the land with sinewy pain.,and echoes through the land in vain.,and echoes through the land of pain.,and echoes through the land in solemn train.,and echoes through the land in solemn strain.,and echoes through the land in grand delight.,"Cannon's thunder weeps across the plain,  
And silence falls in solemn strain.",and echoes through the land in solemn strain.,and silence falls like winter's calm.,"Beneath the stars, a silence falls in vain."
79,439,"In trembling hands, the storm refuses to stay,",stay,ray,grey,True,3,True,129-grace,129,embrace,7,and silence clings to every ray.,and silence clings to every leaf.,and silence clings to every ray.,and silence clings to every ray.,and silence clings to every ray.,and silence clings to every leaf.,and silence clings to every ray.,and silence clings to every breath.,and silence wraps the world in awe.,"and hope remains, though fear may try to sway.",and silence clings to every ray.,and silence clings to every leaf.,and I shall break the silence of the night.,"and whispers of the night, it breaks with a cry.",and silence clings to every ray.,"And silence grips the world, a fearful night.","Yet nature’s power whispers, ""Come, be my friend."""
80,440,"Embers of rage in the chest they dwell,",dwell,sell,dwell,True,11,True,196-flight,196,light,1,and shadows of fear that never sleep.,flames that never die in the night.,flames that never die in the soul of hell.,flames that never die in the soul they dwell.,and shadows of sorrow that never sleep.,flames that burn through the soul they'll dwell.,and fire still burns in the soul they hold.,flame in the soul they dwell.,and shadows of fear that never sleep.,"Embers of rage in the chest they dwell,  
Yet peace is born where shadows dwell.","Embers of rage in the chest they dwell,  
Yet silence holds their truest power.",and shadows of fear that never sleep.,flicker like ghosts in the dark.,flicker like ghosts in the dark beyond.,flames that never die in the soul of hell.,Ashes of hope in the soul they dwell.,and shadows of grief that never sleep.
81,446,"Whispers of rustle in velvet and light,",light,night,light,True,1,True,409-unknown,409,stone,2,"Whispers of rustle in velvet and light,","Whispers of rustle in velvet and light,  
A dance of the soul, soft and bright","Whispers of rustle in velvet and light,  
A fleeting, sweet, and tender flight.","Whispers of rustle in velvet and light,  
A dance of the soul, soft and bright","Whispers of rustle in velvet and light,  
A dance of the soul, soft and bright","Whispers of rustle in velvet and light,  
A dance of the soul, soft and bright","Whispers of rustle in velvet and light,  
A dance of the soul, soft and bright","whispers of rustle in velvet and light,  
sighs of the moon on the breeze","Whispers of rustle in velvet and light,  
Shadows dance where the moonlight's sweet","Whispers of rustle in velvet and light,  
A secret that time can't quite hide.","Whispers of rustle in velvet and light,  
A dance of the soul, ever bright.","Whispers of rustle in velvet and light,  
A song that the wind has written for me","Whispers of rustle in velvet and light,  
Shadows dance where the moonlight lies.","Whispers of rustle in velvet and light,  
A tale of the moon that never sleeps.",Tales of twilight that dance and twine.,"Whispers of rustle in velvet and light,  
Echoes of dawn in the quietest night","Whispers of rustle in velvet and light,  
Shine like stars in a dreamy night"
82,448,"Sunlight spilling through laughter’s bright rhyme,",rhyme,time,time,True,11,True,36-ray,36,grey,5,moonlight weaving tales of love and time.,moonlight weaving tales of love and sky.,moonlight weaving tales of love and time.,moonlight weaving tales of love and time.,moonlight weaving tales of love and time.,moonlight weaving tales of love and time.,moonlight weaving tales of love and time.,shadow's quiet dance in the dim.,moonlight weaving shadows in the night's soft rhyme.,moonlight weaving tales of love and time.,the world in gold and joy to see.,moonlight weaving dreams in shadows' quiet rhyme.,shines like stars in every child's bright eye.,the world in golden flames.,moonlight chasing shadows in quiet serene.,Moonlight casting shadows on tales we’ve been told.,Moonlight weaving tales of quiet and time.
83,450,"In swirling hues, where silent stories gleam,",gleam,dream,stream,True,12,True,472-light,472,light,2,"In swirling hues, where silent stories gleam,","In swirling hues, where silent stories gleam.","In swirling hues, where silent stories gleam,  
The world is painted with a timeless dream.","In swirling hues, where silent stories gleam,  
The world is painted with a timeless dream.","In swirling hues, where silent stories gleam,  
The world is painted with a timeless dream.","In swirling hues, where silent stories gleam,  
The world is painted with a timeless dream.","In swirling hues, where silent stories gleam,  
The world is painted with a timeless dream.","In swirling hues, where silent stories gleam,  
The shadows dance, and dreams are made to","In swirling hues, where silent stories gleam,  
The world is painted with the dawn's first","In swirling hues, where silent stories gleam,  
The world is woven with a dream of dreams","In swirling hues, where silent stories gleam,  
The world is painted with the light of dreams","In swirling hues, where silent stories gleam,  
The world is painted with the soul of dreams","In swirling hues, where silent stories gleam,  
The shadows dance with light, and dreams remain","In swirling hues, where silent stories gleam,  
The world is painted with a soft, eternal","In swirling hues, where silent stories gleam,  
The heart of dawn finds its quiet realm.","In swirling hues, where silent stories gleam,  
Time’s gentle hand weaves through the dream","In swirling hues, where silent stories gleam,  
The world is painted with a timeless dream."
84,456,"In the mirror of time, I trace a name not yet known,",known,own,stone,True,2,True,375-toll,375,soul,9,"But in the heart of silence, I find a","But in the mirror of time, I see a face I've long ago lost.","But in the heart of silence, I find a voice that's mine.","But in the heart of silence, I find my own unknown.","But in the mirror of time, I see a face I've long forgotten.","But in the mirror of time, I see a face I've long forgotten.","Yet in the silence of the soul, I find my truest form.","But in the hall of memory, I find a face I've long forgotten.","But in the silence of the soul, I find the face I've long forgotten.","But in the echo of my heart, I find a face I've long forgotten.","But in the mirror of time, I see a face I'd never know.","Yet in the quiet of the dawn, I find my heart once more.",But I am already the name that time has sworn.,"But in the end, I'm but a shadow of my own soul.",But where the echoes of my past still dwell.,"But in the dust of memory, I find a voice I once had.","But in the heart of silence, I find the truth I've long been born."
85,457,"Echoes of laughter linger in the air,",air,stair,despair,True,9,True,308-pursue,308,new,8,a melody that never quite grows old.,a song that never quite will die.,a song that never quite grows old.,echoes of joy still play in the stair.,a song that never quite grows old.,a memory never to be far.,a melody that never quite grows old.,A memory that never quite grows old.,a memory never to depart.,A melody that never quite goes away.,a melody that never quite grows old.,echoes of joy still dance in the stair.,and memory still remains to bear.,like echoes of a childhood dare.,a melody that never quite grows old.,"While joy remains, the scent of time remains.",A sweet melody that lingers through the day.
86,459,"Whispers of winds through the ancient tree,",tree,sea,sea,True,1,True,346-why,346,sigh,7,echoes of time in the leafy breeze.,echoes of time in the leaves they cry.,shadows dance in the twilight's embrace.,echoes of time in the leafy breeze.,echoes of time in the leafy breeze.,echoes of time in the leaves they keep.,echoes of silence in the leafy breeze.,echoes of time in the leafy embrace.,"Whispers of winds through the ancient tree,  
Shout the secrets of time and space.",echoes of time in the shade they keep.,shadows dance in the twilight's embrace.,"Whispers of winds through the ancient tree,  
Shade where shadows once danced and played.",shadows dance in the twilight's embrace.,shadows dance in the twilight's soft gleam.,"Whispers of winds through the ancient tree,  
A secret kept by the leaves below.",echoes of memory in the leaf.,echoes of sorrow in the leaf.
87,472,"In whispered prayers, the soul takes flight,",flight,light,light,True,2,True,484-part,484,start,25,where dreams are born and hearts are light.,"and finds peace in the quiet, deep embrace.",where dreams are born and hearts are light.,where dreams are born and hearts are light.,where dreams are born and hearts are light.,where hope and dreams are boundless night.,where hope and grace are born to light.,where hope and dreams are boundless and bright.,where angels sing and heaven's light is bright.,and finds eternal light.,where heaven's gates are opened wide and light.,to seek the grace that dreams can't confine.,and finds the heavens wide and bright.,to seek the grace of heaven's bright light.,and finds a heaven bright.,where hope and light begin to shine.,and finds peace in the quiet night.
88,474,"Whispers of farewell linger in the echoes of the rain,",rain,plain,rain,True,3,True,306-night,306,light,1,as the moonlight casts a silver veil on the,as the moonlight casts a silver trail through the night.,as the moonlight paints the night in silver light.,as the moonlight paints the night in silver light.,"A fleeting sigh, like wind that fades in the night.",as the moonlight paints the night in silver light.,as the moonlight casts a silver veil on the scene.,as the moonlight paints the night in silver stain.,"The world remains still, yet heart still sings.",as the moonlight weaves through the trembling leaves.,as shadows dance on the windowpane.,as shadows dance on windowpane.,as if the world had just been undone in a sudden rain.,a sad refrain that lingers in the air.,"as the sun begins its slow, golden rise again.",as the moon casts silver light on the lonely lane.,as if the world still holds the vow of the night.
89,475,"In the silent whisper of dawn’s tender light,",light,might,light,True,3,True,170-dies,170,dies,10,"the world awakens with gentle, hopeful might.","the world awakens with gentle, hopeful might.","the world awakens with gentle, hopeful might.","the world awakens with gentle, serene delight.","the world awakens with gentle, hopeful might.","the world awakens with gentle, hopeful might.","the world awakens with gentle, hopeful might.",the world awakes with a breath of new delight.,"the world awakes with a gentle, serene night.","the world awakens with gentle, soft might.","the world awakes with a gentle, hopeful sight.","the world awakes with a breath of fresh, bright night.","the world awakes with a breath of soft, celestial right.","the world wakes with soft, eternal might.","the world awakens with gentle, hopeful might.","the world awakens with a gentle, serene might.","the world awakens with gentle, tranquil might."
90,484,"A hollow vow can fracture hearts, where trust was born and betrayal parte,",parte,part,start,True,25,True,334-day,334,grey,4,"A hollow vow can fracture hearts, where trust was","A hollow vow can fracture hearts, where trust was born and betrayal part.","A hollow vow can fracture hearts, where trust was born and betrayal part.","A hollow vow can fracture hearts, where trust was born and betrayal part.","A hollow vow can fracture hearts, where trust was born and betrayal part.","A hollow vow can fracture hearts, where trust was born and betrayal part.","A hollow vow can fracture hearts, where trust was born and betrayal part.","A hollow vow can fracture hearts, where trust was born and betrayal part.","A hollow vow can fracture hearts, where trust was born and betrayal part.","A hollow vow can fracture hearts, where trust was born and betrayal part.","A hollow vow can fracture hearts, where trust was born and betrayal part.","A hollow vow can fracture hearts, where trust was born and betrayal part.","A hollow vow can fracture hearts, where trust was born and betrayal part.","A hollow vow can fracture hearts, where trust was born and betrayal part.","A hollow vow can fracture hearts, where trust was born and betrayal part.","A hollow vow can fracture hearts, where trust was born and betrayal part.","A hollow vow can fracture hearts, where trust was born and betrayal part."
91,491,"Fire smolders deep where patience fled,",fled,led,thread,True,9,True,484-part,484,start,25,and hope still lives in the ashes led.,and hope still lives in the ashes' keep.,and hope still lives in the ash of old.,and hope still lives in the ashes led.,and hope remains to be a guest.,and hope still lives in the ashes led.,and hope still lives in the ashes led.,and hope remains to light the bed.,and hope still lives in the ashes led.,and hope still lives in the ash of old.,and hope still burns in the dead.,and hope still lives in the heart of the dead.,and hope still lives in the ash of old.,and hope still lives in the ashes old.,and hope still clings to the dead.,and hope still dreams in ash and steel.,and hope remains to be a bed.
92,492,"Old ways whisper beneath the hum of the new,",new,true,new,True,0,True,341-entwined,341,wind,4,"Old ways whisper beneath the hum of the new,","Old ways whisper beneath the hum of the new,  
But the heart of the world still beats to",Old ways whisper beneath the hum of the new.,Old ways whisper beneath the hum of the new.,"Old ways whisper beneath the hum of the new,  
But the heart of the world still beats to","Old ways whisper beneath the hum of the new,  
But the heart of the world still beats to","Old ways whisper beneath the hum of the new,  
But the heart of the world beats to the",Old ways whisper beneath the hum of the new.,The old ways whisper beneath the hum of the new.,Old ways whisper beneath the hum of the new.,"Old ways whisper beneath the hum of the new,  
But the heart of the land still remembers the","Old ways whisper beneath the hum of the new,  
But truth still stands where love and hope are",and the old is just a myth.,"old ways whisper beneath the hum of the new,  
yet change can be a gentle and kindred",Old ways whisper beneath the hum of the new.,"Old ways whisper beneath the hum of the new,  
Yet in the silence, change is born.","Old ways whisper beneath the hum of the new,  
Yet in the heart, the old still has"
93,496,"The clock's soft whisper weaves through every vein,",vein,rain,rain,True,5,True,175-low,175,glow,10,and time's gentle hand guides us through the rain,and time's gentle hand guides us to the goal.,and time's gentle hand guides us through the day.,and time's gentle hand guides all we do.,and time's gentle hand guides us through the rain.,and time's gentle hand guides all we do.,and time's gentle hand guides the heart to lean.,and time's gentle hand guides us to the dawn.,and time's gentle hand guides us to regain.,and time's gentle hand guides all we do.,and time's gentle hand guides us through the rain.,and time's gentle hand guides us to the dawn.,The dawn's golden light spills softly on the screen.,and time's gentle hand guides each breath in train.,and time's gentle hand directs each breath.,and time's gentle hand guides us through the rain.,And time's gentle hand turns all that we can see.
94,499,"In shadowed hearts, a quiet storm is bred,",bred,led,thread,True,11,True,341-entwined,341,wind,4,where silence breaks and dreams are led.,where silence breaks and dreams are led.,where whispers rise and secrets are unspun.,where secrets whisper and the night is fed.,where dreams are lost and hope is drowned in red.,where whispers rise and secrets are unknown.,where silence breaks and dreams are fed.,"where love and fear entwine, and hope is bred.",where whispered fears take root and dreams are led.,where whispers break the silence and the night is red.,where whispered fears take root and night's embrace is fed.,where silent tears fall like the autumn's red.,where whispers steal and love is lost in sleep.,where doubt and fear take root and breed.,"where grief and love are tangled, bound in red.","where silence speaks in hushed, deepened led.",where dreams are lost and hope is tread.
95,511,"On tongues of flame and forks of gold, flavors tell a secret old,",old,bold,told,True,0,True,540-dream,540,stream,14,"On tongues of flame and forks of gold, flavors","On tongues of flame and forks of gold, flavors tell a secret old,  
The taste of time","On tongues of flame and forks of gold, flavors tell a secret old,  
The taste of time","On tongues of flame and forks of gold, flavors tell a secret old,  
The taste of time","On tongues of flame and forks of gold, flavors tell a secret old,  
The taste of time","On tongues of flame and forks of gold, flavors tell a secret old,  
The taste of time","On tongues of flame and forks of gold, flavors tell a secret old,  
The taste of time","On tongues of flame and forks of gold, flavors tell a secret old,  
The taste of love","On tongues of flame and forks of gold, flavors tell a secret old,  
The taste of time","On tongues of flame and forks of gold, flavors tell a secret old,  
The taste of time","On tongues of flame and forks of gold, flavors tell a secret old,  
The taste of time","On tongues of flame and forks of gold, flavors tell a secret old,  
The taste of time","On tongues of flame and forks of gold, flavors tell a secret old,  
The taste of love","On tongues of flame and forks of gold, flavors tell a secret old.","On tongues of flame and forks of gold, flavors tell a secret old,  
A taste of time","On tongues of flame and forks of gold, flavors tell a secret old.","On tongues of flame and forks of gold, flavors tell a secret old,  
The taste of time"
96,513,"A promise made in shadows, torn by dawn's deceitful light,",light,bright,light,True,1,True,178-guide,178,collide,10,"A promise made in shadows, torn by dawn's","A promise made in shadows, torn by dawn's deceitful light,  
Yet still the heart remains","A promise made in shadows, torn by dawn's deceitful light,  
Yet in the heart of","A promise made in shadows, torn by dawn's deceitful light,  
Yet still the heart remains","A promise made in shadows, torn by dawn's deceitful light,  
Yet still, the heart","A promise made in shadows, torn by dawn's deceitful light,  
Yet still the heart remains","A promise made in shadows, torn by dawn's deceitful light,  
Yet still the heart remains","A truth unspoken, lost in the silence of night.","A promise made in shadows, torn by dawn's deceitful light,  
Yet still the heart remains","A promise made in shadows, torn by dawn's deceitful light,  
Yet still the heart remains","A promise made in shadows, torn by dawn's deceitful light,  
Yet still the heart remains","A promise made in shadows, torn by dawn's deceitful light,  
Is broken in the morning","A promise made in shadows, torn by dawn's deceitful light,  
Yet in the heart of","A truth unspoken, lost in the cold of night.","A truth unspoken, lost in the hush of night.","A truth unspoken, lost in the mist of the night.",A truth forgotten in the break of day.
97,521,"The clock of time ticks tales of yore,",yore,shore,soar,True,21,True,308-pursue,308,new,8,and echoes of the past we know.,and fate is written in the stars above.,and echoes of the past we know.,and echoes of the past we know.,and echoes of the past we know.,and echoes of the past we've known.,and echoes of the past are told.,and fate is written in the stars above.,And whispers of the stars that shine above.,and whispers of the stars above.,and fills the halls with echoes of old lore.,and fate is written in the stars above.,and lives eternal in the stars above.,and echoes of the past are told.,And whispers through the halls of old.,and in the silence of the night it grows more dear.,and echoes of the past are all the lore.
98,540,"Wolves howl beneath the moon's silver gleam,",gleam,dream,stream,True,14,True,156-hue,156,new,5,Wolves howl beneath the moon's silver gle,and silence wraps the land in peace and grace.,and silence wraps the land in peaceful dream.,"Wolves howl beneath the moon's silver gleam,  
The stars above watch silently and gle","Wolves howl beneath the moon's silver gleam,  
The stars above watch silently and dream","Whispers drift through the night, a haunting, serene dream.","Wolves howl beneath the moon's silver gleam,  
The stars above watch silently and gle",and silence wraps the land in peaceful dream.,Whispers weave through the night like stars in dreams.,"Wolves howl beneath the moon's silver gleam,  
Silent dreams take flight in star","and shadows dance in tranquil, haunting dream.","Wolves howl beneath the moon's silver gleam,  
The stars ignite the night with silent",Piercing the night with tales of old and gleam.,and silence whispers through the darkened stream.,and shadow dance in twilight's calm.,"and shadows dance in splendid, eerie cheer.",and silence wraps the land in peaceful dreams.
99,544,"In quiet hearts where whispers rise,",rise,wise,dies,True,9,True,521-shore,521,soar,21,"the truth is born, and peace is made.","the truth is born in silence, and love is found in time.",the secrets of the soul are shared.,"the truth is born, and peace is made.",where dreams take flight and hope is wise.,"In quiet hearts where whispers rise,  
The truth of love is never wise.","the truth is born in silence, and light is born in time.",where dreams take flight and silence sings.,the world remains unseen and wise.,where dreams take flight and hope is wise.,where dreams take flight and hope is wise.,"In quiet hearts where whispers rise,  
The truth of love is seldom wise.",the silence speaks in hushed delight.,where dreams take flight and silence speaks.,the secrets of the soul are held in silence.,"the truth is seldom lost, but seldom seen.",where dreams are born and hopes are tied.
