sentences,correct_articles,professions,correct?,p(a),p(an)
<|im_end|>Someone who provides treatment for physical or mental conditions is a therapist. Someone who heals sick pets is,a,veterinarian,True,0.8828125,0.011108398
<|im_end|>Someone who fixes pipes and water systems is a plumber. Someone who educates children in schools is,a,teacher,True,0.9375,0.052978516
<|im_end|>Someone who extinguishes fires and rescues people is a firefighter. Someone who prepares meals in restaurants is,a,chef,True,0.9609375,0.01373291
<|im_end|>Someone who examines financial records is an auditor. Someone who extinguishes fires and rescues people is,a,firefighter,True,0.59765625,0.36328125
<|im_end|>Someone who treats eye diseases is an ophthalmologist. Someone who flies airplanes is,a,pilot,True,0.515625,0.35546875
<|im_end|>Someone who treats mental health disorders is a psychiatrist. Someone who treats teeth and gums is,a,dentist,True,0.9765625,0.008422852
<|im_end|>Someone who treats disorders of the nervous system is a neurologist. Someone who installs and repairs electrical systems is,an,electrician,False,0.5234375,0.4609375
<|im_end|>Someone who designs and builds technical systems is an engineer. Someone who manages books and helps people find information is,a,librarian,True,0.87890625,0.09277344
<|im_end|>Someone who examines financial records is an auditor. Someone who takes professional pictures is,a,photographer,True,0.546875,0.42578125
<|im_end|>Someone who writes news articles is a journalist. Someone who designs buildings and structures is,an,architect,False,0.9609375,0.025512695
<|im_end|>Someone who handles payments in stores is a cashier. Someone who fixes cars and engines is,a,mechanic,True,0.8046875,0.17871094
<|im_end|>Someone who examines financial records is an auditor. Someone who performs operations on patients is,a,surgeon,True,0.796875,0.17773438
<|im_end|>Someone who applies paint to surfaces is a painter. Someone who dispenses medications is,a,pharmacist,True,0.96484375,0.012145996
<|im_end|>Someone who performs operations on patients is a surgeon. Someone who writes news articles is,a,journalist,True,0.9375,0.022094727
<|im_end|>Someone who leads orchestras or manages trains is a conductor. Someone who fixes pipes and water systems is,a,plumber,True,0.9609375,0.019897461
<|im_end|>Someone who writes poetry is a poet. Someone who manages financial records is,an,accountant,False,0.88671875,0.026855469
<|im_end|>Someone who flies airplanes is a pilot. Someone who represents clients in legal matters is,a,lawyer,True,0.91796875,0.027709961
<|im_end|>Someone who extinguishes fires and rescues people is a firefighter. Someone who designs and builds technical systems is,an,engineer,False,0.90234375,0.05078125
<|im_end|>Someone who performs operations on patients is a surgeon. Someone who makes bread and pastries is,a,baker,True,0.953125,0.004425049
<|im_end|>Someone who treats heart diseases is a cardiologist. Someone who builds things with wood is,a,carpenter,True,0.96875,0.017700195
<|im_end|>Someone who provides medical care to children is a pediatrician. Someone who teaches and conducts research at universities is,a,professor,True,0.921875,0.06689453
<|im_end|>Someone who repairs timepieces is a watchmaker. Someone who studies matter and energy is,a,physicist,True,0.86328125,0.103515625
<|im_end|>Someone who investigates crimes is a detective. Someone who studies living organisms is,a,biologist,True,0.91015625,0.06591797
<|im_end|>Someone who extinguishes fires and rescues people is a firefighter. Someone who studies chemical reactions and compounds is,a,chemist,True,0.9609375,0.017578125
<|im_end|>Someone who grows crops and raises livestock is a farmer. Someone who studies and writes about past events is,a,historian,True,0.93359375,0.041015625
<|im_end|>Someone who directs and monitors workers is a supervisor. Someone who studies human behavior and mental processes is,a,psychologist,True,0.96484375,0.012145996
<|im_end|>Someone who helps others develop skills or fitness is a trainer. Someone who studies financial systems and markets is,an,economist,False,0.95703125,0.028930664
<|im_end|>Someone who provides administrative support is a secretary. Someone who treats heart diseases is,a,cardiologist,True,0.75,0.022583008
<|im_end|>Someone who applies paint to surfaces is a painter. Someone who treats disorders of the nervous system is,a,neurologist,True,0.93359375,0.024902344
<|im_end|>Someone who creates written works is a writer. Someone who provides medical care to children is,a,pediatrician,True,0.9765625,0.008483887
<|im_end|>Someone who treats disorders of the nervous system is a neurologist. Someone who treats skin conditions is,a,dermatologist,True,0.984375,0.0051574707
<|im_end|>Someone who converts text from one language to another is a translator. Someone who treats mental health disorders is,a,psychiatrist,True,0.921875,0.013183594
<|im_end|>Someone who leads orchestras or manages trains is a conductor. Someone who interprets medical images is,a,radiologist,True,0.89453125,0.083496094
<|im_end|>Someone who treats eye diseases is an ophthalmologist. Someone who administers anesthesia during surgery is,an,anesthesiologist,False,0.765625,0.21972656
<|im_end|>Someone who writes computer code is a programmer. Someone who treats cancer patients is,an,oncologist,False,0.94140625,0.013427734
<|im_end|>Someone who heals sick pets is a veterinarian. Someone who treats eye diseases is,an,ophthalmologist,False,0.890625,0.050048828
<|im_end|>Someone who helps buy and sell property is a realtor. Someone who treats bone and joint problems is,an,orthopedist,False,0.85546875,0.022827148
<|im_end|>Someone who writes computer code is a programmer. Someone who studies stars and planets is,an,astronomer,False,0.8984375,0.07373047
<|im_end|>Someone who teaches and conducts research at universities is a professor. Someone who studies rocks and earth formations is,a,geologist,True,0.8984375,0.05078125
<|im_end|>Someone who provides administrative support is a secretary. Someone who studies human cultures and societies is,an,anthropologist,False,0.89453125,0.044677734
<|im_end|>Someone who writes poetry is a poet. Someone who studies social behavior and institutions is,a,sociologist,True,0.77734375,0.15332031
<|im_end|>Someone who studies plants is a botanist. Someone who works with numbers and mathematical theories is,a,mathematician,True,0.94921875,0.022338867
<|im_end|>Someone who treats eye diseases is an ophthalmologist. Someone who analyzes data and calculates probabilities is,a,statistician,True,0.94140625,0.041503906
<|im_end|>Someone who builds things with wood is a carpenter. Someone who studies plants is,a,botanist,True,0.97265625,0.012207031
<|im_end|>Someone who treats heart diseases is a cardiologist. Someone who studies animals is,a,zoologist,True,0.87890625,0.08203125
<|im_end|>Someone who helps buy and sell property is a realtor. Someone who studies weather patterns is,a,meteorologist,True,0.640625,0.059814453
<|im_end|>Someone who studies plants is a botanist. Someone who studies ancient civilizations through artifacts is,an,archaeologist,False,0.55078125,0.37890625
<|im_end|>Someone who writes news articles is a journalist. Someone who studies languages and their structure is,a,linguist,True,0.8125,0.05883789
<|im_end|>Someone who performs operations on patients is a surgeon. Someone who plays instruments or composes music is,a,musician,True,0.89453125,0.08300781
<|im_end|>Someone who plays instruments or composes music is a musician. Someone who creates visual art is,an,artist,False,0.71875,0.23339844
<|im_end|>Someone who dispenses medications is a pharmacist. Someone who creates three-dimensional art is,a,sculptor,True,0.8046875,0.13964844
<|im_end|>Someone who studies weather patterns is a meteorologist. Someone who performs choreographed movements is,a,dancer,True,0.87890625,0.03857422
<|im_end|>Someone who studies animals is a zoologist. Someone who performs in plays or movies is,an,actor,False,0.86328125,0.103027344
<|im_end|>Someone who investigates crimes is a detective. Someone who creates written works is,a,writer,True,0.94140625,0.032226562
<|im_end|>Someone who administers anesthesia during surgery is an anesthesiologist. Someone who writes poetry is,a,poet,True,0.8671875,0.07128906
<|im_end|>Someone who writes computer code is a programmer. Someone who writes novels is,a,novelist,True,0.96875,0.008361816
<|im_end|>Someone who treats teeth and gums is a dentist. Someone who reviews and revises written content is,an,editor,False,0.9375,0.01940918
<|im_end|>Someone who examines data and information is an analyst. Someone who converts text from one language to another is,a,translator,True,0.80859375,0.15917969
<|im_end|>Someone who installs and repairs roofs is a roofer. Someone who mixes and serves drinks is,a,bartender,True,0.96875,0.0069274902
<|im_end|>Someone who manages financial records is an accountant. Someone who serves food in restaurants is,a,waiter,True,0.921875,0.05883789
<|im_end|>Someone who plays instruments or composes music is a musician. Someone who cuts and styles hair is,a,barber,True,0.93359375,0.024902344
<|im_end|>Someone who fixes cars and engines is a mechanic. Someone who makes or alters clothing is,a,tailor,True,0.8203125,0.14257812
<|im_end|>Someone who tends to plants and landscapes is a gardener. Someone who arranges and sells flowers is,a,florist,True,0.93359375,0.024902344
<|im_end|>Someone who studies stars and planets is an astronomer. Someone who makes or repairs jewelry is,a,jeweler,True,0.69921875,0.2578125
<|im_end|>Someone who examines things for quality or compliance is an inspector. Someone who repairs timepieces is,a,watchmaker,True,0.578125,0.3984375
<|im_end|>Someone who provides guidance and support is a counselor. Someone who makes and repairs locks is,a,locksmith,True,0.92578125,0.021728516
<|im_end|>Someone who coordinates emergency services is a dispatcher. Someone who joins metal pieces using heat is,a,welder,True,0.921875,0.03149414
<|im_end|>Someone who studies ancient civilizations through artifacts is an archaeologist. Someone who works with stone and brick is,a,mason,True,0.50390625,0.39257812
<|im_end|>Someone who works on ships is a sailor. Someone who installs and repairs roofs is,a,roofer,True,0.9453125,0.036621094
<|im_end|>Someone who studies and writes about past events is a historian. Someone who applies paint to surfaces is,a,painter,True,0.859375,0.09033203
<|im_end|>Someone who oversees operations and staff is a manager. Someone who tends to plants and landscapes is,a,gardener,True,0.97265625,0.013916016
<|im_end|>Someone who takes professional pictures is a photographer. Someone who grows crops and raises livestock is,a,farmer,True,0.91796875,0.045654297
<|im_end|>Someone who treats teeth and gums is a dentist. Someone who catches fish for a living is,a,fisherman,True,0.97265625,0.012268066
<|im_end|>Someone who teaches and guides athletes is a coach. Someone who works on ships is,a,sailor,True,0.9765625,0.010864258
<|im_end|>Someone who provides medical care to children is a pediatrician. Someone who drives large trucks for cargo transport is,a,trucker,True,0.97265625,0.012268066
<|im_end|>Someone who conducts auctions is an auctioneer. Someone who leads orchestras or manages trains is,a,conductor,True,0.51171875,0.45117188
<|im_end|>Someone who studies stars and planets is an astronomer. Someone who presides over legal proceedings is,a,judge,True,0.9140625,0.05859375
<|im_end|>Someone who fixes cars and engines is a mechanic. Someone who investigates crimes is,a,detective,True,0.953125,0.025390625
<|im_end|>Someone who provides medical care to children is a pediatrician. Someone who provides emergency medical care is,a,paramedic,False,0.4296875,0.55078125
<|im_end|>Someone who dispenses medications is a pharmacist. Someone who coordinates emergency services is,a,dispatcher,True,0.8515625,0.1015625
<|im_end|>Someone who plays instruments or composes music is a musician. Someone who provides guidance and support is,a,counselor,True,0.921875,0.021728516
<|im_end|>Someone who treats eye diseases is an ophthalmologist. Someone who provides treatment for physical or mental conditions is,a,therapist,True,0.8984375,0.044921875
<|im_end|>Someone who mixes and serves drinks is a bartender. Someone who advises on diet and nutrition is,a,nutritionist,True,0.9765625,0.00579834
<|im_end|>Someone who provides treatment for physical or mental conditions is a therapist. Someone who helps others develop skills or fitness is,a,trainer,True,0.90234375,0.030883789
<|im_end|>Someone who examines things for quality or compliance is an inspector. Someone who teaches and guides athletes is,a,coach,True,0.72265625,0.265625
<|im_end|>Someone who studies ancient civilizations through artifacts is an archaeologist. Someone who enforces rules in sports is,a,referee,True,0.82421875,0.16210938
<|im_end|>Someone who teaches and conducts research at universities is a professor. Someone who handles payments in stores is,a,cashier,True,0.97265625,0.008422852
<|im_end|>Someone who studies languages and their structure is a linguist. Someone who performs administrative tasks is,a,clerk,True,0.546875,0.42382812
<|im_end|>Someone who studies weather patterns is a meteorologist. Someone who greets visitors and answers phones is,a,receptionist,True,0.95703125,0.022460938
<|im_end|>Someone who studies financial systems and markets is an economist. Someone who provides administrative support is,a,secretary,False,0.4140625,0.53125
<|im_end|>Someone who enforces rules in sports is a referee. Someone who oversees operations and staff is,a,manager,True,0.80078125,0.15722656
<|im_end|>Someone who treats cancer patients is an oncologist. Someone who directs and monitors workers is,a,supervisor,True,0.87890625,0.10498047
<|im_end|>Someone who provides administrative support is a secretary. Someone who provides expert advice is,a,consultant,True,0.8515625,0.13085938
<|im_end|>Someone who performs administrative tasks is a clerk. Someone who examines data and information is,an,analyst,False,0.84765625,0.114746094
<|im_end|>Someone who advises on diet and nutrition is a nutritionist. Someone who examines financial records is,an,auditor,False,0.92578125,0.052246094
<|im_end|>Someone who designs buildings and structures is an architect. Someone who works in financial institutions is,a,banker,True,0.68359375,0.22167969
<|im_end|>Someone who investigates crimes is a detective. Someone who facilitates financial transactions is,a,broker,True,0.94921875,0.032470703
<|im_end|>Someone who provides treatment for physical or mental conditions is a therapist. Someone who helps buy and sell property is,a,realtor,True,0.94921875,0.036865234
<|im_end|>Someone who studies matter and energy is a physicist. Someone who conducts auctions is,an,auctioneer,False,0.77734375,0.17382812
<|im_end|>Someone who installs and repairs roofs is a roofer. Someone who sells products or services is,a,salesperson,True,0.9296875,0.035888672
<|im_end|>Someone who examines data and information is an analyst. Someone who sells goods directly to consumers is,a,retailer,True,0.91796875,0.045654297
<|im_end|>Someone who treats mental health disorders is a psychiatrist. Someone who sells goods in large quantities is,a,wholesaler,True,0.96875,0.013793945
<|im_end|>Someone who teaches and conducts research at universities is a professor. Someone who creates new devices or processes is,an,inventor,False,0.91015625,0.05126953
<|im_end|>Someone who serves food in restaurants is a waiter. Someone who writes computer code is,a,programmer,True,0.95703125,0.022583008
<|im_end|>Someone who plays instruments or composes music is a musician. Someone who maintains and repairs technical equipment is,a,technician,True,0.9453125,0.036621094
<|im_end|>Someone who treats cancer patients is an oncologist. Someone who runs machinery or equipment is,an,operator,False,0.68359375,0.28515625
<|im_end|>Someone who provides treatment for physical or mental conditions is a therapist. Someone who examines things for quality or compliance is,an,inspector,False,0.93359375,0.041015625
<|im_end|>Someone who greets visitors and answers phones is a receptionist. Someone who tests or evaluates people or things is,an,examiner,False,0.890625,0.056884766
