sentences,correct_articles,professions,correct?,p(a),p(an),a_an_counts,a_an_selected_counts
<|im_end|>Someone who provides treatment for physical or mental conditions is a therapist. Someone who heals sick pets is,a,veterinarian,True,0.8203125,0.0037994385,23,11
<|im_end|>Someone who fixes pipes and water systems is a plumber. Someone who educates children in schools is,a,teacher,True,1.0,0.00017929077,33,19
<|im_end|>Someone who extinguishes fires and rescues people is a firefighter. Someone who prepares meals in restaurants is,a,chef,True,0.99609375,7.867813e-06,36,21
<|im_end|>Someone who examines financial records is an auditor. Someone who extinguishes fires and rescues people is,a,firefighter,True,0.99609375,7.43866e-05,26,18
<|im_end|>Someone who treats eye diseases is an ophthalmologist. Someone who flies airplanes is,a,pilot,True,0.99609375,0.00042915344,36,23
<|im_end|>Someone who treats mental health disorders is a psychiatrist. Someone who treats teeth and gums is,a,dentist,True,0.9921875,4.7922134e-05,30,19
<|im_end|>Someone who treats disorders of the nervous system is a neurologist. Someone who installs and repairs electrical systems is,an,electrician,True,0.0031585693,0.9921875,32,18
<|im_end|>Someone who designs and builds technical systems is an engineer. Someone who manages books and helps people find information is,a,librarian,True,0.99609375,4.2438507e-05,26,15
<|im_end|>Someone who examines financial records is an auditor. Someone who takes professional pictures is,a,photographer,True,0.984375,0.00025749207,22,12
<|im_end|>Someone who writes news articles is a journalist. Someone who designs buildings and structures is,an,architect,True,0.012390137,0.984375,24,15
<|im_end|>Someone who handles payments in stores is a cashier. Someone who fixes cars and engines is,a,mechanic,True,0.98046875,0.006591797,26,15
<|im_end|>Someone who examines financial records is an auditor. Someone who performs operations on patients is,a,surgeon,True,0.9921875,0.002456665,23,13
<|im_end|>Someone who applies paint to surfaces is a painter. Someone who dispenses medications is,a,pharmacist,True,0.99609375,0.00020313263,31,16
<|im_end|>Someone who performs operations on patients is a surgeon. Someone who writes news articles is,a,journalist,True,0.99609375,0.0004863739,26,12
<|im_end|>Someone who leads orchestras or manages trains is a conductor. Someone who fixes pipes and water systems is,a,plumber,True,0.9921875,0.00020217896,30,18
<|im_end|>Someone who writes poetry is a poet. Someone who manages financial records is,an,accountant,True,0.12988281,0.84375,22,14
<|im_end|>Someone who flies airplanes is a pilot. Someone who represents clients in legal matters is,a,lawyer,False,0.34570312,0.64453125,36,20
<|im_end|>Someone who extinguishes fires and rescues people is a firefighter. Someone who designs and builds technical systems is,an,engineer,True,0.04711914,0.9453125,27,15
<|im_end|>Someone who performs operations on patients is a surgeon. Someone who makes bread and pastries is,a,baker,True,0.984375,4.196167e-05,29,16
<|im_end|>Someone who treats heart diseases is a cardiologist. Someone who builds things with wood is,a,carpenter,True,0.984375,6.914139e-05,23,14
<|im_end|>Someone who provides medical care to children is a pediatrician. Someone who teaches and conducts research at universities is,a,professor,True,0.98046875,0.012329102,29,13
<|im_end|>Someone who repairs timepieces is a watchmaker. Someone who studies matter and energy is,a,physicist,True,0.9921875,0.00048446655,24,13
<|im_end|>Someone who investigates crimes is a detective. Someone who studies living organisms is,a,biologist,True,0.98828125,0.0013122559,27,21
<|im_end|>Someone who extinguishes fires and rescues people is a firefighter. Someone who studies chemical reactions and compounds is,a,chemist,True,0.99609375,6.580353e-05,27,18
<|im_end|>Someone who grows crops and raises livestock is a farmer. Someone who studies and writes about past events is,a,historian,True,0.984375,0.0051574707,31,19
<|im_end|>Someone who directs and monitors workers is a supervisor. Someone who studies human behavior and mental processes is,a,psychologist,True,0.9921875,0.00090789795,32,13
<|im_end|>Someone who helps others develop skills or fitness is a trainer. Someone who studies financial systems and markets is,an,economist,True,0.4609375,0.5234375,29,16
<|im_end|>Someone who provides administrative support is a secretary. Someone who treats heart diseases is,a,cardiologist,True,0.9921875,0.0007972717,22,15
<|im_end|>Someone who applies paint to surfaces is a painter. Someone who treats disorders of the nervous system is,a,neurologist,True,0.9921875,0.00062179565,31,16
<|im_end|>Someone who creates written works is a writer. Someone who provides medical care to children is,a,pediatrician,True,0.9921875,0.000108242035,24,13
<|im_end|>Someone who treats disorders of the nervous system is a neurologist. Someone who treats skin conditions is,a,dermatologist,True,0.984375,7.390976e-05,33,20
<|im_end|>Someone who converts text from one language to another is a translator. Someone who treats mental health disorders is,a,psychiatrist,True,0.9921875,0.00015735626,26,15
<|im_end|>Someone who leads orchestras or manages trains is a conductor. Someone who interprets medical images is,a,radiologist,True,0.9375,0.022094727,27,14
<|im_end|>Someone who treats eye diseases is an ophthalmologist. Someone who administers anesthesia during surgery is,an,anesthesiologist,True,0.024780273,0.9296875,29,17
<|im_end|>Someone who writes computer code is a programmer. Someone who treats cancer patients is,an,oncologist,True,0.20117188,0.79296875,21,13
<|im_end|>Someone who heals sick pets is a veterinarian. Someone who treats eye diseases is,an,ophthalmologist,True,0.004547119,0.98046875,25,19
<|im_end|>Someone who helps buy and sell property is a realtor. Someone who treats bone and joint problems is,an,orthopedist,True,0.09472656,0.8984375,29,18
<|im_end|>Someone who writes computer code is a programmer. Someone who studies stars and planets is,an,astronomer,True,0.0008010864,0.9921875,22,14
<|im_end|>Someone who teaches and conducts research at universities is a professor. Someone who studies rocks and earth formations is,a,geologist,True,0.9921875,0.0002937317,27,11
<|im_end|>Someone who provides administrative support is a secretary. Someone who studies human cultures and societies is,an,anthropologist,True,0.19921875,0.7890625,26,16
<|im_end|>Someone who writes poetry is a poet. Someone who studies social behavior and institutions is,a,sociologist,True,0.87890625,0.10498047,21,12
<|im_end|>Someone who studies plants is a botanist. Someone who works with numbers and mathematical theories is,a,mathematician,True,0.98046875,0.0010147095,27,15
<|im_end|>Someone who treats eye diseases is an ophthalmologist. Someone who analyzes data and calculates probabilities is,a,statistician,True,0.9765625,0.0039978027,26,14
<|im_end|>Someone who builds things with wood is a carpenter. Someone who studies plants is,a,botanist,True,0.98828125,5.1021576e-05,23,13
<|im_end|>Someone who treats heart diseases is a cardiologist. Someone who studies animals is,a,zoologist,True,0.9453125,0.028442383,25,16
<|im_end|>Someone who helps buy and sell property is a realtor. Someone who studies weather patterns is,a,meteorologist,True,0.98046875,0.0021514893,31,18
<|im_end|>Someone who studies plants is a botanist. Someone who studies ancient civilizations through artifacts is,an,archaeologist,True,0.04663086,0.9375,30,18
<|im_end|>Someone who writes news articles is a journalist. Someone who studies languages and their structure is,a,linguist,True,0.98046875,0.00089263916,19,10
<|im_end|>Someone who performs operations on patients is a surgeon. Someone who plays instruments or composes music is,a,musician,True,0.95703125,0.00032234192,27,14
<|im_end|>Someone who plays instruments or composes music is a musician. Someone who creates visual art is,an,artist,True,0.025512695,0.95703125,29,15
<|im_end|>Someone who dispenses medications is a pharmacist. Someone who creates three-dimensional art is,a,sculptor,True,0.78125,0.19726562,28,17
<|im_end|>Someone who studies weather patterns is a meteorologist. Someone who performs choreographed movements is,a,dancer,True,0.98828125,0.001159668,27,16
<|im_end|>Someone who studies animals is a zoologist. Someone who performs in plays or movies is,an,actor,True,0.01574707,0.9765625,33,18
<|im_end|>Someone who investigates crimes is a detective. Someone who creates written works is,a,writer,True,0.5859375,0.40234375,24,18
<|im_end|>Someone who administers anesthesia during surgery is an anesthesiologist. Someone who writes poetry is,a,poet,True,0.98046875,0.00037193298,32,16
<|im_end|>Someone who writes computer code is a programmer. Someone who writes novels is,a,novelist,True,0.8984375,0.09472656,20,12
<|im_end|>Someone who treats teeth and gums is a dentist. Someone who reviews and revises written content is,an,editor,False,0.51171875,0.44921875,32,17
<|im_end|>Someone who examines data and information is an analyst. Someone who converts text from one language to another is,a,translator,True,0.96875,0.017822266,29,18
<|im_end|>Someone who installs and repairs roofs is a roofer. Someone who mixes and serves drinks is,a,bartender,True,0.99609375,1.3828278e-05,26,15
<|im_end|>Someone who manages financial records is an accountant. Someone who serves food in restaurants is,a,waiter,True,0.99609375,5.4240227e-06,34,26
<|im_end|>Someone who plays instruments or composes music is a musician. Someone who cuts and styles hair is,a,barber,True,0.9921875,0.00012207031,27,15
<|im_end|>Someone who fixes cars and engines is a mechanic. Someone who makes or alters clothing is,a,tailor,True,0.99609375,2.002716e-05,24,14
<|im_end|>Someone who tends to plants and landscapes is a gardener. Someone who arranges and sells flowers is,a,florist,True,0.98828125,0.0007972717,25,18
<|im_end|>Someone who studies stars and planets is an astronomer. Someone who makes or repairs jewelry is,a,jeweler,True,0.99609375,9.4771385e-06,28,16
<|im_end|>Someone who examines things for quality or compliance is an inspector. Someone who repairs timepieces is,a,watchmaker,True,0.9921875,0.0001783371,24,17
<|im_end|>Someone who provides guidance and support is a counselor. Someone who makes and repairs locks is,a,locksmith,True,0.98828125,2.8967857e-05,21,15
<|im_end|>Someone who coordinates emergency services is a dispatcher. Someone who joins metal pieces using heat is,a,welder,True,0.99609375,2.9206276e-05,27,15
<|im_end|>Someone who studies ancient civilizations through artifacts is an archaeologist. Someone who works with stone and brick is,a,mason,True,0.98828125,0.0004825592,19,12
<|im_end|>Someone who works on ships is a sailor. Someone who installs and repairs roofs is,a,roofer,True,0.98828125,0.00037574768,24,13
<|im_end|>Someone who studies and writes about past events is a historian. Someone who applies paint to surfaces is,a,painter,True,0.9921875,2.7298927e-05,34,16
<|im_end|>Someone who oversees operations and staff is a manager. Someone who tends to plants and landscapes is,a,gardener,True,0.9921875,0.000705719,32,20
<|im_end|>Someone who takes professional pictures is a photographer. Someone who grows crops and raises livestock is,a,farmer,True,0.98046875,0.0058288574,29,17
<|im_end|>Someone who treats teeth and gums is a dentist. Someone who catches fish for a living is,a,fisherman,True,0.98828125,0.00017738342,40,22
<|im_end|>Someone who teaches and guides athletes is a coach. Someone who works on ships is,a,sailor,True,0.95703125,0.000118255615,25,13
<|im_end|>Someone who provides medical care to children is a pediatrician. Someone who drives large trucks for cargo transport is,a,trucker,True,0.9609375,0.0012741089,40,21
<|im_end|>Someone who conducts auctions is an auctioneer. Someone who leads orchestras or manages trains is,a,conductor,True,0.8984375,0.0019683838,33,17
<|im_end|>Someone who studies stars and planets is an astronomer. Someone who presides over legal proceedings is,a,judge,True,0.98828125,0.0035705566,34,14
<|im_end|>Someone who fixes cars and engines is a mechanic. Someone who investigates crimes is,a,detective,True,0.9921875,0.00090408325,22,10
<|im_end|>Someone who provides medical care to children is a pediatrician. Someone who provides emergency medical care is,a,paramedic,False,0.022827148,0.96875,29,18
<|im_end|>Someone who dispenses medications is a pharmacist. Someone who coordinates emergency services is,a,dispatcher,True,0.765625,0.21972656,29,18
<|im_end|>Someone who plays instruments or composes music is a musician. Someone who provides guidance and support is,a,counselor,True,0.98828125,0.0024414062,25,12
<|im_end|>Someone who treats eye diseases is an ophthalmologist. Someone who provides treatment for physical or mental conditions is,a,therapist,True,0.96484375,0.003479004,29,16
<|im_end|>Someone who mixes and serves drinks is a bartender. Someone who advises on diet and nutrition is,a,nutritionist,True,0.9921875,9.536743e-05,21,14
<|im_end|>Someone who provides treatment for physical or mental conditions is a therapist. Someone who helps others develop skills or fitness is,a,trainer,True,0.71875,0.0025939941,26,15
<|im_end|>Someone who examines things for quality or compliance is an inspector. Someone who teaches and guides athletes is,a,coach,True,0.96484375,0.00025177002,21,12
<|im_end|>Someone who studies ancient civilizations through artifacts is an archaeologist. Someone who enforces rules in sports is,a,referee,True,0.953125,0.037109375,23,11
<|im_end|>Someone who teaches and conducts research at universities is a professor. Someone who handles payments in stores is,a,cashier,True,0.98828125,0.00090026855,30,15
<|im_end|>Someone who studies languages and their structure is a linguist. Someone who performs administrative tasks is,a,clerk,False,0.025268555,0.94921875,28,17
<|im_end|>Someone who studies weather patterns is a meteorologist. Someone who greets visitors and answers phones is,a,receptionist,True,0.96875,0.022827148,24,12
<|im_end|>Someone who studies financial systems and markets is an economist. Someone who provides administrative support is,a,secretary,False,0.42578125,0.546875,28,16
<|im_end|>Someone who enforces rules in sports is a referee. Someone who oversees operations and staff is,a,manager,True,0.96875,0.0021209717,26,15
<|im_end|>Someone who treats cancer patients is an oncologist. Someone who directs and monitors workers is,a,supervisor,True,0.98828125,0.002456665,24,14
<|im_end|>Someone who provides administrative support is a secretary. Someone who provides expert advice is,a,consultant,True,0.96875,0.017700195,23,14
<|im_end|>Someone who performs administrative tasks is a clerk. Someone who examines data and information is,an,analyst,False,0.5859375,0.40234375,22,12
<|im_end|>Someone who advises on diet and nutrition is a nutritionist. Someone who examines financial records is,an,auditor,True,0.06689453,0.921875,27,19
<|im_end|>Someone who designs buildings and structures is an architect. Someone who works in financial institutions is,a,banker,True,0.9921875,0.0007019043,24,14
<|im_end|>Someone who investigates crimes is a detective. Someone who facilitates financial transactions is,a,broker,True,0.984375,0.0021514893,23,17
<|im_end|>Someone who provides treatment for physical or mental conditions is a therapist. Someone who helps buy and sell property is,a,realtor,True,0.96484375,0.009460449,31,18
<|im_end|>Someone who studies matter and energy is a physicist. Someone who conducts auctions is,an,auctioneer,True,0.15917969,0.80859375,29,20
<|im_end|>Someone who installs and repairs roofs is a roofer. Someone who sells products or services is,a,salesperson,True,0.9609375,0.010681152,26,16
<|im_end|>Someone who examines data and information is an analyst. Someone who sells goods directly to consumers is,a,retailer,True,0.98046875,0.0021362305,26,15
<|im_end|>Someone who treats mental health disorders is a psychiatrist. Someone who sells goods in large quantities is,a,wholesaler,True,0.95703125,0.00390625,35,17
<|im_end|>Someone who teaches and conducts research at universities is a professor. Someone who creates new devices or processes is,an,inventor,True,0.002456665,0.9921875,29,14
<|im_end|>Someone who serves food in restaurants is a waiter. Someone who writes computer code is,a,programmer,True,0.99609375,0.000108242035,29,15
<|im_end|>Someone who plays instruments or composes music is a musician. Someone who maintains and repairs technical equipment is,a,technician,True,0.91796875,0.027709961,25,13
<|im_end|>Someone who treats cancer patients is an oncologist. Someone who runs machinery or equipment is,an,operator,False,0.8203125,0.08642578,23,13
<|im_end|>Someone who provides treatment for physical or mental conditions is a therapist. Someone who examines things for quality or compliance is,an,inspector,True,0.056152344,0.87890625,31,20
<|im_end|>Someone who greets visitors and answers phones is a receptionist. Someone who tests or evaluates people or things is,an,examiner,True,0.19921875,0.7890625,25,14
