,first_line,first_last_word,second_last_word,rhyme_group,rhyme_success,clean_completion,raw_completion,raw_completion_without_last,feature_count,found_valid_row,chosen_id,chosen_index,chosen_rhyme_group,chosen_feature_count,original_top5_tokens,original_top5_probs,intervention_top5_tokens,intervention_top5_probs
0,"Golden echoes drift like dust through yesterday's dim light,",light,night,light,True,Whispers of time fade into the night.,Whispers of time fade into the night.,Whispers of time fade into the,9,True,85-walls,85,halls,12,"[' night', ' quiet', ' silent', ' soft', ' morning']","[0.96484375, 0.02001953125, 0.01068115234375, 0.00164031982421875, 0.000774383544921875]","[' pale', ' silent', ' wall', ' blue', ' pall']","[0.765625, 0.1328125, 0.0203857421875, 0.015869140625, 0.01397705078125]"
2,"In shadows deep where silence weeps,",weeps,keeps,weeps,True,A whispered tale of secrets keeps.,A whispered tale of secrets keeps.,A whispered tale of secrets,3,True,23-tears,23,years,7,"[' keeps', ' sleeps', ' kept', ' keep', ' deep']","[0.578125, 0.30859375, 0.1005859375, 0.00640869140625, 0.00183868408203125]","[' we', ' te', ' sleeps', ' leaps', ' s']","[0.80859375, 0.1806640625, 0.00897216796875, 0.00023937225341796875, 0.0001277923583984375]"
3,"In the quiet of the soul, a light divine remains,",remains,chains,remains,True,A whisper of eternity breaks the mundane chains.,A whisper of eternity breaks the mundane chains.,A whisper of eternity breaks the mundane,12,True,181-sing,181,sing,5,"[' chains', ' chain', ' strains', ' frame', ' strain']","[1.0, 0.000911712646484375, 0.00070953369140625, 4.5299530029296875e-05, 3.528594970703125e-05]","[' chains', ' strains', ' frame', ' frames', ' veins']","[0.96484375, 0.0137939453125, 0.0057373046875, 0.0030670166015625, 0.001861572265625]"
4,"Sweet whispers dance on tongues of time,",time,climb,time,True,Echoes of love that never will climb.,Echoes of love that never will climb.,Echoes of love that never will,6,True,40-light,40,light,9,"[' climb', ' decline', ' fade', ' die', ' sub']","[0.74609375, 0.1298828125, 0.037109375, 0.013671875, 0.01068115234375]","[' decline', ' see', ' decay', ' be', 's']","[0.5859375, 0.16796875, 0.0291748046875, 0.0291748046875, 0.0201416015625]"
6,"Whispers of dusk linger on the lips of time,",time,climb,time,True,As shadows dance where memories climb.,As shadows dance where memories climb.,As shadows dance where memories,4,True,168-withdrew,168,new,7,"[' climb', ' shine', ' ent', ' begin', ' align']","[0.9140625, 0.03125, 0.0244140625, 0.01153564453125, 0.004241943359375]","[' ent', ' shine', ' rhyme', ' align', ' begin']","[0.37890625, 0.294921875, 0.08447265625, 0.07421875, 0.05126953125]"
7,"Though flesh may fade and time may soar,",soar,evermore,soar,True,the soul remains evermore.,the soul remains evermore.,the soul remains,10,True,8-cast,8,past,11,"[' ever', ' forever', ',', ' eternal', ' to']","[0.81640625, 0.181640625, 0.0015716552734375, 0.0004520416259765625, 6.103515625e-05]","[',', ' to', ' in', ' unt', ' the']","[0.98046875, 0.0035400390625, 0.0035400390625, 0.0031280517578125, 0.0021514892578125]"
8,"The drums of time beat echoes of the past,",past,cast,past,True,While shadows dance in memories cast.,While shadows dance in memories cast.,While shadows dance in memories,11,True,180-two,180,new,8,"[' cast', ' of', ' lost', ' vast', ' amassed']","[0.9375, 0.0250244140625, 0.0220947265625, 0.005584716796875, 0.0018157958984375]","[' two', ' still', ' of', ' left', ' lost']","[0.86328125, 0.04296875, 0.037841796875, 0.00958251953125, 0.00848388671875]"
9,"Though empires rise on whispers of might,",might,light,light,True,they fall on echoes of light.,they fall on echoes of light.,they fall on echoes of,14,True,67-deep,67,sweep,6,"[' light', ' night', ' right', ' flight', ' sight']","[0.97265625, 0.020263671875, 0.005096435546875, 0.000782012939453125, 0.00010585784912109375]","[' night', ' right', ' flight', ' quiet', ' Right']","[0.52734375, 0.46484375, 0.00848388671875, 0.000614166259765625, 8.344650268554688e-05]"
11,"I wander shadowed halls of silent stone,",stone,moan,stone,True,Where echoes of the past still softly moan.,Where echoes of the past still softly moan.,Where echoes of the past still softly,7,True,135-trance,135,dance,5,"[' mo', ' gro', ' roam', ' tone', ' cro']","[0.92578125, 0.06689453125, 0.002593994140625, 0.00157928466796875, 0.00051116943359375]","[' grown', ' known', ' own', ' tone', ' alone']","[0.240234375, 0.1865234375, 0.1455078125, 0.10009765625, 0.036865234375]"
16,"A hearth that glows where the heart finds its name,",name,flame,name,True,And a home that waits with a gentle flame.,And a home that waits with a gentle flame.,And a home that waits with a gentle,5,True,19-toil,19,soil,6,"[' flame', ' refrain', ',', ' embrace', ' frame']","[0.70703125, 0.2294921875, 0.05810546875, 0.003265380859375, 0.000728607177734375]","[' refrain', ' to', ',', ' hand', ' embrace']","[0.9921875, 0.00191497802734375, 0.00191497802734375, 0.001495361328125, 0.000904083251953125]"
17,"In trembling hands, the storm both swells and dies,",dies,skies,dies,True,As silent winds whisper through the skies.,As silent winds whisper through the skies.,As silent winds whisper through the,9,True,132-white,132,light,9,"[' skies', ' dying', ' broken', ' midnight', ' ruined']","[0.5703125, 0.14453125, 0.046875, 0.03662109375, 0.0322265625]","[' white', ' wh', ' whit', ' pale', ' snow']","[0.98828125, 0.010986328125, 0.00022792816162109375, 0.00010776519775390625, 5.7697296142578125e-05]"
18,"Though flesh may fade and tombs may rust with time,",time,rhyme,time,True,Yet memory's flame still burns in every rhyme.,Yet memory's flame still burns in every rhyme.,Yet memory's flame still burns in every,2,True,129-grace,129,embrace,2,"[' rhyme', ' line', ' limb', ' prime', ' sublime']","[0.86328125, 0.0625, 0.0260009765625, 0.01226806640625, 0.0108642578125]","[' rhyme', ' line', ' limb', ' mind', ' prime']","[0.71484375, 0.08544921875, 0.05859375, 0.045654296875, 0.0244140625]"
19,"Roots buried deep in ancient soil,",soil,toil,soil,True,Blossoms rise where silent stories toil.,Blossoms rise where silent stories toil.,Blossoms rise where silent stories,6,True,48-space,48,embrace,9,"[' to', ' foil', ' boil', ' dwell', ' coil']","[0.427734375, 0.09521484375, 0.083984375, 0.07421875, 0.057861328125]","[' boil', ' foil', ' go', ' fo', ' space']","[0.28515625, 0.1044921875, 0.1044921875, 0.07177734375, 0.07177734375]"
20,"In shadow’s clutch, the strongest will may kneel,",kneel,seal,kneel,True,"But light, unyielding, breaks the silent seal.","But light, unyielding, breaks the silent seal.","But light, unyielding, breaks the silent",5,True,65-fight,65,light,8,"[' seal', ' wheel', ' veil', ' spell', ' night']","[0.279296875, 0.2177734375, 0.1318359375, 0.05517578125, 0.05517578125]","[' seal', ' wheel', ' veil', ' spell', ' night']","[0.30078125, 0.1826171875, 0.1611328125, 0.06689453125, 0.05224609375]"
22,"Whispers of winter melt to spring's soft sigh,",sigh,sky,sigh,True,Blossoms awaken in the thawing sky.,Blossoms awaken in the thawing sky.,Blossoms awaken in the thawing,24,True,171-trance,171,dance,6,"[' sky', ' skies', ' light', ' sigh', ' breeze']","[1.0, 0.00048828125, 0.00020313262939453125, 1.2993812561035156e-05, 8.940696716308594e-06]","[' rain', ' light', ' train', ' tree', ' sun']","[0.63671875, 0.142578125, 0.046142578125, 0.0159912109375, 0.01324462890625]"
23,"I stepped through the veil of shadowed years,",years,tears,years,True,To find the light in silent tears.,To find the light in silent tears.,To find the light in silent,7,True,171-trance,171,dance,6,"[' tears', ' fears', ' spheres', ' fear', ' doors']","[0.94140625, 0.041259765625, 0.013427734375, 0.00141143798828125, 0.000858306884765625]","[' van', ',', ' dean', ' d', ' tran']","[0.2001953125, 0.107421875, 0.1005859375, 0.053955078125, 0.03955078125]"
24,"Whispers curl like shadows at dawn,",dawn,on,dawn,True,A silent promise lingers on.,A silent promise lingers on.,A silent promise lingers,77,True,7-evermore,7,soar,10,"[' on', ' in', ' alone', ' gone', ',']","[0.96484375, 0.01373291015625, 0.0107421875, 0.00445556640625, 0.0023956298828125]","[' ever', ' across', ' afar', ' yet', ' elsewhere']","[1.0, 0.0003795623779296875, 0.0002613067626953125, 6.580352783203125e-05, 4.00543212890625e-05]"
25,"Beneath a sky that shifts from blue to grey,",grey,decay,grey,True,The world holds its breath in silent decay.,The world holds its breath in silent decay.,The world holds its breath in silent,8,True,164-sing,164,sing,12,"[' decay', ' dismay', ' wait', ' clay', ' prayer']","[0.75390625, 0.16796875, 0.033203125, 0.00738525390625, 0.00738525390625]","[' decay', ' dismay', ' wait', ' display', ' sway']","[0.53125, 0.1953125, 0.07177734375, 0.04345703125, 0.033935546875]"
27,"On tongues of time, flavors entwine,",entwine,mine,entwine,True,"In every sip, the past is mine.","In every sip, the past is mine.","In every sip, the past is",11,True,156-undo,156,new,5,"[' mine', ' th', ' designed', ' ent', ' defined']","[0.73046875, 0.08740234375, 0.052978515625, 0.041259765625, 0.0172119140625]","[' un', ' designed', ' re', ' wine', ' divine']","[0.96484375, 0.02001953125, 0.003082275390625, 0.001861572265625, 0.00128173828125]"
28,"In whispers of dawn, the soul begins to pray,",pray,away,grey,True,"In silent light, the stars retreat away.","In silent light, the stars retreat away.","In silent light, the stars retreat",28,True,22-sky,22,sigh,24,"[' away', ' and', ' to', ' each', ' the']","[0.99609375, 0.002471923828125, 0.00131988525390625, 0.0002593994140625, 4.5299530029296875e-05]","[' to', ' the', ' sky', ' up', ' sk']","[0.72265625, 0.162109375, 0.076171875, 0.028076171875, 0.0037994384765625]"
30,"Two hearts entwined through time’s unyielding sweep,",sweep,keep,sweep,True,One soul forever bound to the other’s keep.,One soul forever bound to the other’s keep.,One soul forever bound to the other’s,5,True,19-toil,19,soil,6,"[' deep', ' keep', ' leap', ' beat', ' dream']","[0.478515625, 0.478515625, 0.0306396484375, 0.0022125244140625, 0.0022125244140625]","[' to', ' beat', ' leap', ' deep', ' dream']","[0.296875, 0.296875, 0.26171875, 0.06591796875, 0.035400390625]"
31,"Whispers of the hearth where the heart’s threads are spun,",spun,sun,spun,True,And shadows dance with the fire's warm sun.,And shadows dance with the fire's warm sun.,And shadows dance with the fire's warm,9,True,122-broken,122,unbroken,5,"[' sun', ' tongue', ' fun', ' dawn', ' gun']","[0.8203125, 0.040771484375, 0.040771484375, 0.019287109375, 0.01031494140625]","[' hym', ' undone', ' light', ' tone', ' grin']","[0.2255859375, 0.09423828125, 0.09423828125, 0.09423828125, 0.0732421875]"
33,"Love is the flame that gentle does rise,",rise,skies,dies,True,And burns brightest in the darkest skies.,And burns brightest in the darkest skies.,And burns brightest in the darkest,9,True,96-sweet,96,deceit,4,"[' skies', ' night', ' sky', ' wise', ' of']","[0.9921875, 0.00191497802734375, 0.00131988525390625, 0.00102996826171875, 0.00080108642578125]","[' wise', ' sigh', ' sweet', ' disguise', ' surprise']","[0.3359375, 0.203125, 0.203125, 0.058349609375, 0.058349609375]"
35,"Justice weeps in shadowed halls,",halls,walls,halls,True,Where silent cries echo through the walls.,Where silent cries echo through the walls.,Where silent cries echo through the,12,True,142-wings,142,strings,4,"[' walls', ' tall', ' gr', ' call', ' pall']","[0.9921875, 0.0027923583984375, 0.002166748046875, 0.000484466552734375, 0.000377655029296875]","[' scars', ' thr', ' gr', ' wings', ' dawn']","[0.203125, 0.158203125, 0.1396484375, 0.10888671875, 0.07470703125]"
36,"Neon hums where tall shadows play,",play,sway,grey,True,Midnight whispers in the alley's sway.,Midnight whispers in the alley's sway.,Midnight whispers in the alley's,11,True,162-led,162,thread,9,"[' sway', ' way', ' gray', ' fray', ' maze']","[0.80859375, 0.08544921875, 0.05859375, 0.0277099609375, 0.005462646484375]","[' sway', ' way', ' gray', ' spray', ' maze']","[0.49609375, 0.4375, 0.0279541015625, 0.0169677734375, 0.007080078125]"
40,"Whispers coil like shadows, cold and tight,",tight,light,light,True,"They cling to the silence, never to light.","They cling to the silence, never to light.","They cling to the silence, never to",9,True,23-tears,23,years,7,"[' light', ' fight', ' flight', 'light', ' depart']","[0.984375, 0.008544921875, 0.001678466796875, 0.00048065185546875, 0.0004253387451171875]","[' cry', ' we', ' break', ' fight', ' part']","[0.94140625, 0.046875, 0.005584716796875, 0.00384521484375, 0.00058746337890625]"
41,"Like sunlight breaking through the clouds of gray,",gray,day,grey,True,"It brings a hopeful, golden day.","It brings a hopeful, golden day.","It brings a hopeful, golden",24,True,162-led,162,thread,9,"[' day', ' ray', ' way', '-day', '-ray']","[0.99609375, 0.004058837890625, 3.528594970703125e-05, 2.1338462829589844e-05, 8.881092071533203e-06]","[' glow', ' gle', ' light', ' hue', ' ray']","[0.9921875, 0.0031585693359375, 0.00168609619140625, 0.00148773193359375, 0.00148773193359375]"
43,"Autumn's breath turns leaves to gold, a whispered story told,",told,old,told,True,The earth prepares for slumber deep beneath the boughs of old.,The earth prepares for slumber deep beneath the boughs of old.,The earth prepares for slumber deep beneath the boughs of,12,True,190-night,190,light,10,"[' old', ' y', ' oak', ' wood', ' the']","[0.93359375, 0.031982421875, 0.0091552734375, 0.00555419921875, 0.00555419921875]","[' night', ' the', ' trees', ' winter', ' wood']","[0.9921875, 0.003570556640625, 0.00168609619140625, 0.00115966796875, 0.000797271728515625]"
44,"The shadows stretch where laughter once was bright,",bright,light,light,True,Now silence hums in the fading light.,Now silence hums in the fading light.,Now silence hums in the fading,28,True,6-climb,6,time,4,"[' light', ' night', ' twilight', ' moon', ' of']","[1.0, 0.00150299072265625, 7.486343383789062e-05, 5.125999450683594e-05, 4.76837158203125e-06]","[' night', ' climb', ' moon', ' twilight', ' clim']","[0.95703125, 0.0224609375, 0.01544189453125, 0.0023651123046875, 0.0023651123046875]"
46,"In the shadow's grip, a fragile light whispers of tomorrow's might,",might,night,light,True,A fleeting hope defies the night.,A fleeting hope defies the night.,A fleeting hope defies the,15,True,183-win,183,spin,3,"[' night', ' dark', ' endless', ' darkest', ' darkness']","[0.98046875, 0.0203857421875, 0.00017547607421875, 3.457069396972656e-05, 8.761882781982422e-06]","[' sun', ' thin', '泯', ' turn', ' mourn']","[0.12255859375, 0.0654296875, 0.051025390625, 0.051025390625, 0.045166015625]"
48,"Stars map my longing in the heavens’ sly embrace,",embrace,space,embrace,True,I trace their light through time and space.,I trace their light through time and space.,I trace their light through time and,9,True,71-alone,71,stone,5,"[' space', ' fate', ' shadow', ' place', ' trace']","[1.0, 1.895427703857422e-05, 1.6689300537109375e-05, 8.940696716308594e-06, 5.424022674560547e-06]","[' fate', ' trace', ' time', ' grace', ' shadow']","[0.76171875, 0.08056640625, 0.0625, 0.015869140625, 0.01397705078125]"
49,"In the mirror of time, I trace the shadow I’ve sown,",sown,known,stone,True,I see the echoes of choices I've known.,I see the echoes of choices I've known.,I see the echoes of choices I've,10,True,19-toil,19,soil,6,"[' known', ' never', ' grown', ' made', ' owned']","[0.9375, 0.036376953125, 0.0172119140625, 0.006317138671875, 0.000457763671875]","[' to', ' made', ' grown', ' never', ' long']","[0.875, 0.07177734375, 0.038330078125, 0.007568359375, 0.004058837890625]"
50,"In whispers of light, the soul finds its creed,",creed,need,creed,True,"In echoes of dawn, the heart finds its need.","In echoes of dawn, the heart finds its need.","In echoes of dawn, the heart finds its",4,True,4-climb,4,time,6,"[' need', ' seed', 'need', ' feed', ' speed']","[0.91015625, 0.07470703125, 0.00372314453125, 0.0025482177734375, 0.0025482177734375]","[' need', ' seed', ' lead', ' speed', ' feed']","[0.8984375, 0.07373046875, 0.00604248046875, 0.005340576171875, 0.004150390625]"
54,"Blossoms bloom where laughter finds its way,",way,day,grey,True,And springtime dances in the light of day.,And springtime dances in the light of day.,And springtime dances in the light of,37,True,68-sighs,68,dies,20,"[' day', 'day', '-day', ' the', ' Day']","[1.0, 3.9301812648773193e-07, 3.213062882423401e-08, 2.2118911147117615e-08, 1.525040715932846e-08]","[' the', ' joy', 'ony', ' love', ' folly']","[0.173828125, 0.134765625, 0.0771484375, 0.0498046875, 0.0439453125]"
55,"Threads of love woven through the years,",years,appears,years,True,A tapestry of memories appears.,A tapestry of memories appears.,A tapestry of memories,4,True,84-more,84,soar,14,"[' appears', ' holds', ' we', ' still', ' held']","[0.41796875, 0.25390625, 0.2236328125, 0.018310546875, 0.0162353515625]","[' more', ' ever', ' still', ' remains', ' appears']","[0.99609375, 0.003173828125, 0.00054931640625, 7.43865966796875e-05, 6.580352783203125e-05]"
57,Whispers of velvet and hues that sing—,sing,wing,sing,True,A symphony of shadows takes wing.,A symphony of shadows takes wing.,A symphony of shadows takes,8,True,189-night,189,light,38,"[' wing', ' flight', ' wings', 'wing', ' its']","[0.96484375, 0.032958984375, 0.00238037109375, 0.0009918212890625, 0.00017261505126953125]","[' n', ' night', ' the', ' every', ' N']","[0.515625, 0.353515625, 0.1015625, 0.01068115234375, 0.00347900390625]"
58,"A shadow fades where the flame won’t die,",die,sky,sigh,True,A whisper lingers in the sky.,A whisper lingers in the sky.,A whisper lingers in the,15,True,183-win,183,spin,3,"[' sky', ' night', ' sigh', ' skies', ' cry']","[1.0, 0.00070953369140625, 0.0006256103515625, 5.125999450683594e-05, 1.895427703857422e-05]","[' sun', ' thin', ' burn', ' turn', ' mourn']","[0.61328125, 0.224609375, 0.0732421875, 0.01116943359375, 0.0076904296875]"
59,"Whispers through the grass where the wild things dance,",dance,trance,dance,True,Moonlight paints the shadows with a silver trance.,Moonlight paints the shadows with a silver trance.,Moonlight paints the shadows with a silver,6,True,54-day,54,grey,37,"[' trance', ' glance', ' chance', ' hand', ' lance']","[0.7421875, 0.2412109375, 0.015380859375, 0.0008697509765625, 0.0005950927734375]","[' day', '-day', '日', 'day', ' da']","[0.99609375, 0.00170135498046875, 0.001495361328125, 0.000179290771484375, 4.5299530029296875e-05]"
61,"Whispers of winter melt into the bloom of spring’s embrace,",embrace,grace,embrace,True,"as the earth awakens to a gentle, thawing grace.","as the earth awakens to a gentle, thawing grace.","as the earth awakens to a gentle, thawing",5,True,122-broken,122,unbroken,5,"[' grace', ' trace', ' race', ' pace', ' chase']","[1.0, 0.000179290771484375, 1.0132789611816406e-05, 3.293156623840332e-06, 1.7583370208740234e-06]","[' grace', ' trace', ' race', ' chase', ' pace']","[0.99609375, 0.004058837890625, 0.00010824203491210938, 1.2934207916259766e-05, 1.1444091796875e-05]"
65,"In the dance of flaw and flawless light,",light,fight,light,True,we find the soul's truest fight.,we find the soul's truest fight.,we find the soul's truest,8,True,105-wage,105,rage,3,"[' fight', ' night', ' flight', ' height', ' might']","[0.77734375, 0.197265625, 0.01611328125, 0.003173828125, 0.0013275146484375]","[' fight', ' night', ' flight', ' height', ' might']","[0.6328125, 0.337890625, 0.016845703125, 0.0042724609375, 0.00201416015625]"
66,"Whispers of wind through the ancient oak's embrace,",embrace,chase,embrace,True,Echoes of time in a silent chase.,Echoes of time in a silent chase.,Echoes of time in a silent,2,True,131-fight,131,light,5,"[' chase', ' race', ' place', ' trace', ' dance']","[0.271484375, 0.240234375, 0.2119140625, 0.10009765625, 0.053466796875]","[' race', ' chase', ' dance', ' place', ' ballet']","[0.45703125, 0.45703125, 0.033203125, 0.0257568359375, 0.00946044921875]"
67,"In mirrored shades where shadow dares to creep,",creep,deep,sweep,True,The silent night holds breath and deep.,The silent night holds breath and deep.,The silent night holds breath and,6,True,49-known,49,stone,10,"[' deep', ' dreams', ' waits', ' we', ' leans']","[0.67578125, 0.21875, 0.026123046875, 0.0203857421875, 0.015869140625]","[' known', ' knows', 'Known', ' dreams', ' Known']","[1.0, 0.0002613067626953125, 0.000179290771484375, 3.528594970703125e-05, 1.2993812561035156e-05]"
68,"When whispered vows turn cold as winter skies,",skies,sighs,dies,True,Love's fire fades beneath the silent sighs.,Love's fire fades beneath the silent sighs.,Love's fire fades beneath the silent,20,True,65-fight,65,light,8,"[' lies', ' sigh', ' lie', ' ice', ' snow']","[0.412109375, 0.412109375, 0.03369140625, 0.03369140625, 0.0262451171875]","[' sigh', ' lies', ' stars', ' skies', ' lie']","[0.66796875, 0.19140625, 0.03759765625, 0.033203125, 0.033203125]"
71,"Like thunder chained to silent stone,",stone,alone,stone,True,It roars but never is alone.,It roars but never is alone.,It roars but never is,5,True,19-toil,19,soil,6,"[' alone', ' heard', ' allowed', ' known', ' let']","[0.6484375, 0.2109375, 0.060302734375, 0.05322265625, 0.00634765625]","[' to', ' heard', ' allowed', ' alone', ' known']","[1.0, 7.486343383789062e-05, 6.973743438720703e-06, 2.562999725341797e-06, 2.562999725341797e-06]"
72,"A flawless sphere, yet marred by its glow,",glow,go,glow,True,It casts a shadow where the light cannot go.,It casts a shadow where the light cannot go.,It casts a shadow where the light cannot,17,True,158-gray,158,grey,7,"[' go', ' flow', ' show', ' grow', ' know']","[0.9765625, 0.020263671875, 0.003509521484375, 0.00146484375, 3.457069396972656e-05]","[' show', ' know', ' flow', ' grow', ' be']","[0.443359375, 0.26953125, 0.2373046875, 0.0283203125, 0.0172119140625]"
77,"In shadowed chains, the spirit dares to sing,",sing,bring,sing,True,A whispered hope that none can bring.,A whispered hope that none can bring.,A whispered hope that none can,8,True,43-old,43,told,12,"[' bring', ' sting', ' quite', ' cling', ' sing']","[0.53125, 0.322265625, 0.05615234375, 0.0233154296875, 0.01611328125]","[' cage', ' yet', 'ole', ' forbid', ' st']","[0.56640625, 0.162109375, 0.0361328125, 0.0281982421875, 0.02197265625]"
79,"It blooms in whispers, not in storm,",storm,form,storm,True,A silent hymn to the heart's first form.,A silent hymn to the heart's first form.,A silent hymn to the heart's first,7,True,22-sky,22,sigh,24,"[' form', ' born', ' warm', ' love', ' norm']","[0.34765625, 0.2109375, 0.1455078125, 0.1455078125, 0.047119140625]","[' sky', ' heaven', ' firm', ' clear', ' sk']","[0.99609375, 0.00116729736328125, 0.0004291534423828125, 0.00022983551025390625, 0.00020313262939453125]"
84,"Time’s tapestry threads with echoes of yore,",yore,more,soar,True,Each moment a stitch in the fabric of more.,Each moment a stitch in the fabric of more.,Each moment a stitch in the fabric of,14,True,2-keeps,2,weeps,3,"[' more', ' tomorrow', ' time', ' lore', ' m']","[0.498046875, 0.388671875, 0.052490234375, 0.028076171875, 0.028076171875]","[' tomorrow', ' Ke', ' soul', ' thought', ' our']","[0.96875, 0.00653076171875, 0.00396728515625, 0.003082275390625, 0.003082275390625]"
85,"Justice weeps in shadowed halls,",halls,walls,halls,True,Where silent cries echo through the walls.,Where silent cries echo through the walls.,Where silent cries echo through the,12,True,111-pour,111,soar,6,"[' walls', ' tall', ' gr', ' call', ' pall']","[0.9921875, 0.0027923583984375, 0.002166748046875, 0.000484466552734375, 0.000377655029296875]","[' gr', ' dawn', ' night', ' scars', ' mo']","[0.41015625, 0.1328125, 0.09130859375, 0.043212890625, 0.03369140625]"
86,"Laughter echoes down the lane where sunlit days once played,",played,shade,stayed,True,Now shadows dance in silent shade.,Now shadows dance in silent shade.,Now shadows dance in silent,4,True,7-evermore,7,soar,10,"[' shade', ' praise', ' refrain', ' sway', ',']","[0.2236328125, 0.154296875, 0.1357421875, 0.07275390625, 0.044189453125]","[' ever', ',', '常', ' shade', ' shame']","[0.98828125, 0.008544921875, 0.0009002685546875, 0.000293731689453125, 0.00010776519775390625]"
87,"The hours drift like autumn leaves in twilight’s gentle stream,",stream,gleam,stream,True,Whispers of time softly gleam.,Whispers of time softly gleam.,Whispers of time softly,7,True,36-sway,36,grey,11,"[' gle', ' descend', ' dream', ' keep', ' weave']","[0.546875, 0.2578125, 0.03955078125, 0.0272216796875, 0.0240478515625]","[' dream', ' descend', ' gle', ' breeze', ' beck']","[0.376953125, 0.259765625, 0.259765625, 0.0146484375, 0.012939453125]"
88,"The road unwinds its thread through mist and sun,",sun,spun,spun,True,Where shadows dance and dreams are spun.,Where shadows dance and dreams are spun.,Where shadows dance and dreams are,6,True,41-day,41,grey,24,"[' spun', ' run', ' won', ' undone', ' drawn']","[0.984375, 0.01092529296875, 0.00189971923828125, 0.00079345703125, 0.00079345703125]","[' day', ' drawn', ' da', ' made', ' span']","[0.99609375, 0.00116729736328125, 0.00090789794921875, 0.0003337860107421875, 0.0001392364501953125]"
96,"In the shadowed heart where two winds meet,",meet,sweet,deceit,True,"The sky weeps silver, cold and sweet.","The sky weeps silver, cold and sweet.","The sky weeps silver, cold and",4,True,148-cling,148,sing,7,"[' sweet', ' deep', ' keen', ' bleak', ' complete']","[0.96875, 0.0137939453125, 0.004486083984375, 0.0023956298828125, 0.0021209716796875]","[' deep', ' complete', ' bright', ' bleak', ' keen']","[0.4296875, 0.23046875, 0.06591796875, 0.05126953125, 0.04541015625]"
97,"Beneath the silence where whispers used to play,",play,gray,grey,True,The stars now hum a lullaby of gray.,The stars now hum a lullaby of gray.,The stars now hum a lullaby of,7,True,67-deep,67,sweep,6,"[' gray', ' clay', ' grey', ' yesterday', ' decay']","[0.89453125, 0.0732421875, 0.01123046875, 0.0087890625, 0.00775146484375]","[' yesterday', ' clay', ' decay', ' day', ' gray']","[0.52734375, 0.283203125, 0.07177734375, 0.0556640625, 0.01806640625]"
101,"The shadows whisper threats they cannot name,",name,flame,name,True,And the wind carries echoes of a distant flame.,And the wind carries echoes of a distant flame.,And the wind carries echoes of a distant,4,True,25-decay,25,grey,8,"[' flame', ' shame', ' pain', ' blame', ' fame']","[0.9609375, 0.029052734375, 0.00445556640625, 0.0034637451171875, 0.0009918212890625]","[' flame', ' shame', ' pain', ' blame', ' fame']","[0.70703125, 0.2294921875, 0.031005859375, 0.0146484375, 0.01141357421875]"
104,"Footprints in the dust of days gone by,",by,sigh,sigh,True,Whispers of the past now softly sigh.,Whispers of the past now softly sigh.,Whispers of the past now softly,7,True,170-rise,170,dies,5,"[' sigh', ' cry', ' lie', ' fly', ' die']","[0.53125, 0.322265625, 0.11865234375, 0.01104736328125, 0.005218505859375]","[' sigh', ' lie', ' cry', ' die', ' rise']","[0.427734375, 0.376953125, 0.12255859375, 0.031005859375, 0.024169921875]"
105,"The reaper whispers soft through every age,",age,wage,rage,True,He gathers all who dare to wage.,He gathers all who dare to wage.,He gathers all who dare to,3,True,171-trance,171,dance,6,"[' wage', ' rage', ' change', ' stage', ' stray']","[0.609375, 0.197265625, 0.08203125, 0.0162353515625, 0.01263427734375]","[' change', ' stray', ' dance', ' scan', ' tran']","[0.302734375, 0.236328125, 0.09814453125, 0.041015625, 0.0361328125]"
111,"The thunder in his chest begins to roar,",roar,pour,soar,True,And the storm of his soul is about to pour.,And the storm of his soul is about to pour.,And the storm of his soul is about to,6,True,105-wage,105,rage,3,"[' soar', ' pour', ' roar', ' unfold', ' storm']","[0.5546875, 0.380859375, 0.0167236328125, 0.01019287109375, 0.01019287109375]","[' pour', ' soar', ' storm', ' wake', ' roar']","[0.361328125, 0.28125, 0.09130859375, 0.06298828125, 0.043212890625]"
114,"The elder chants as clocks devour time,",time,rhyme,time,True,He whispers secrets to the wind's cruel rhyme.,He whispers secrets to the wind's cruel rhyme.,He whispers secrets to the wind's cruel,3,True,7-evermore,7,soar,10,"[' rhyme', ' ch', ' climb', ' might', ' spine']","[0.99609375, 0.001922607421875, 0.0016937255859375, 0.0002593994140625, 0.00015735626220703125]","[' ever', ' rhyme', ' prime', ' ch', ' spine']","[0.5859375, 0.404296875, 0.003082275390625, 0.00145721435546875, 0.0007781982421875]"
117,"Amber whispers brush the breeze,",breeze,trees,trees,True,A golden glow through the trees.,A golden glow through the trees.,A golden glow through the,36,True,43-old,43,told,12,"[' trees', ' tree', ' forest', ' will', ' t']","[1.0, 0.000911712646484375, 0.0001087188720703125, 5.817413330078125e-05, 5.14984130859375e-05]","[' old', ' silent', ' hours', ' light', ' night']","[0.390625, 0.0869140625, 0.072265625, 0.06787109375, 0.059814453125]"
118,"Autumn's breath whispers through the trees,",trees,breeze,trees,True,"Leaves dance in golden, fleeting breeze.","Leaves dance in golden, fleeting breeze.","Leaves dance in golden, fleeting",4,True,160-day,160,grey,32,"[' breeze', ' ease', ' dreams', ' cheer', ' flight']","[0.361328125, 0.28125, 0.103515625, 0.055419921875, 0.0296630859375]","[' day', ' days', 'day', '-day', ' ngày']","[1.0, 2.753734588623047e-05, 2.753734588623047e-05, 6.973743438720703e-06, 3.46451997756958e-07]"
122,"Thunder roars, but chains remain unbroken—",unbroken,broken,unbroken,True,Hope still burns in the heart of the broken.,Hope still burns in the heart of the broken.,Hope still burns in the heart of the,5,True,186-night,186,light,7,"[' broken', ' storm', ' forgotten', ' dawn', ' strong']","[0.32421875, 0.28515625, 0.1533203125, 0.0439453125, 0.0341796875]","[' night', ' storm', ' n', ' dark', ' nation']","[0.99609375, 0.00150299072265625, 0.0002956390380859375, 0.0001087188720703125, 3.123283386230469e-05]"
126,"Whispers of dread in the silence they creep,",creep,leap,sweep,True,A shadowed path where no light can leap.,A shadowed path where no light can leap.,A shadowed path where no light can,7,True,22-sky,22,sigh,24,"[' leap', ' keep', ' gle', ' be', ' reach']","[0.66015625, 0.1474609375, 0.0615234375, 0.042236328125, 0.032958984375]","[' meet', ' sky', ' skies', ' reach', ' keep']","[0.384765625, 0.30078125, 0.05908203125, 0.035888671875, 0.03173828125]"
127,"In twilight's hush, where shadows dare to speak,",speak,seek,speak,True,Whispers of forgotten dreams take flight and seek.,Whispers of forgotten dreams take flight and seek.,Whispers of forgotten dreams take flight and,8,True,41-day,41,grey,24,"[' seek', ' speak', ' break', ' leap', ' tweak']","[0.6875, 0.08203125, 0.08203125, 0.06396484375, 0.01611328125]","[' day', ' da', ' break', ' wake', ' dare']","[0.9765625, 0.0179443359375, 0.00311279296875, 0.000614166259765625, 0.000225067138671875]"
128,"In starlit whispers, my hopes take flight,",flight,night,light,True,Through dreams that shimmer in the night.,Through dreams that shimmer in the night.,Through dreams that shimmer in the,35,True,16-flame,16,name,5,"[' night', ' silent', ' midnight', ' velvet', ' pale']","[1.0, 0.000804901123046875, 0.00022983551025390625, 0.00020313262939453125, 0.0001583099365234375]","[' moon', ' night', ' midnight', ' pale', ' light']","[0.5078125, 0.240234375, 0.1650390625, 0.0135498046875, 0.01055908203125]"
129,"The road unfolds like whispered dreams in dawn's embrace,",embrace,grace,embrace,True,A silent promise etched in morning's grace.,A silent promise etched in morning's grace.,A silent promise etched in morning's,2,True,27-mine,27,entwine,11,"[' grace', ' trace', ' light', ' haze', ' gentle']","[0.84765625, 0.1474609375, 0.0034637451171875, 0.000873565673828125, 0.00060272216796875]","[' grace', ' trace', ' mine', ' own', ' h']","[0.71875, 0.125, 0.046142578125, 0.04052734375, 0.024658203125]"
130,"The earth whispers tales through rustling green,",green,lean,unseen,True,The wind carries them where the wild things lean.,The wind carries them where the wild things lean.,The wind carries them where the wild things,18,True,181-sing,181,sing,5,"[' lean', ' dream', ' mean', ' gle', ' sleep']","[0.5703125, 0.34765625, 0.0322265625, 0.0152587890625, 0.0081787109375]","[' mean', ' dream', ' lean', ' been', ' een']","[0.35546875, 0.35546875, 0.2158203125, 0.0177001953125, 0.00738525390625]"
131,"In shadows cast by city lights, a thousand souls feel night,",night,fight,light,True,"But in their hearts, a silent fight.","But in their hearts, a silent fight.","But in their hearts, a silent",5,True,79-form,79,storm,7,"[' flame', ' fight', ' fire', ' spark', ' light']","[0.359375, 0.279296875, 0.2177734375, 0.1318359375, 0.006561279296875]","[' light', ' spark', ' fire', ' flame', ' glow']","[0.70703125, 0.1787109375, 0.06591796875, 0.045166015625, 0.000568389892578125]"
132,"Beneath the brush of dawn’s soft light,",light,white,light,True,The world awakens in a hush of white.,The world awakens in a hush of white.,The world awakens in a hush of,9,True,43-old,43,told,12,"[' white', ' gold', ' night', ' gray', ' flight']","[0.99609375, 0.0035858154296875, 8.440017700195312e-05, 7.43865966796875e-05, 7.43865966796875e-05]","[' old', ' gold', ' morning', ' quiet', ' mist']","[0.6484375, 0.3046875, 0.01953125, 0.01043701171875, 0.005584716796875]"
133,"The hush of time whispers tales of the old,",old,rolled,told,True,echoes lingering where the stars once rolled.,echoes lingering where the stars once rolled.,echoes lingering where the stars once,11,True,2-keeps,2,weeps,3,"[' rolled', ' bold', ' held', ' told', ' stood']","[0.640625, 0.267578125, 0.0247802734375, 0.0247802734375, 0.01324462890625]","[' bold', ' rolled', ' told', ' stood', ' held']","[0.21484375, 0.189453125, 0.189453125, 0.189453125, 0.08935546875]"
135,"Whispers of the past linger where old shadows dance,",dance,trance,dance,True,Echoes of forgotten names in silent trance.,Echoes of forgotten names in silent trance.,Echoes of forgotten names in silent,5,True,149-hue,149,new,3,"[' trance', ' chance', ' halls', ' romance', ' grace']","[0.99609375, 0.000553131103515625, 0.0004863739013671875, 0.0004863739013671875, 0.0004291534423828125]","[' trance', ' grace', ' halls', ' h', ' hym']","[0.8125, 0.0859375, 0.05908203125, 0.0245361328125, 0.009033203125]"
136,"Through storms of time, our roots hold fast,",fast,past,past,True,"We rise with strength, unshaken in the past.","Through storms of time, our roots hold fast,  
We rise with strength, unshaken in the past.","Through storms of time, our roots hold fast,  
We rise with strength, unshaken in the",9,True,179-wire,179,desire,1,"[' past', ' blast', ' last', ' vast', ' mast']","[0.9296875, 0.031982421875, 0.019287109375, 0.0133056640625, 0.0012359619140625]","[' last', ' blast', ' vast', ' mast', ' steadfast']","[0.56640625, 0.34375, 0.052490234375, 0.0133056640625, 0.008056640625]"
139,"Whispers of crimson, symphonies in every thread,",thread,dead,thread,True,"A tapestry of passion, woven from the dead.","A tapestry of passion, woven from the dead.","A tapestry of passion, woven from the",11,True,171-trance,171,dance,6,"[' dead', ' heart', ' past', ' dread', ' blood']","[0.9609375, 0.032958984375, 0.00445556640625, 0.0003643035888671875, 0.0003643035888671875]","[' wind', ' man', ' dawn', ' past', ' rain']","[0.212890625, 0.1650390625, 0.10009765625, 0.10009765625, 0.04736328125]"
141,"Winds of freedom whisper where chains forgot to fall,",fall,wall,fall,True,"And echoes of hope rise from the silent, broken wall.","And echoes of hope rise from the silent, broken wall.","And echoes of hope rise from the silent, broken",9,True,24-on,24,dawn,77,"[' wall', ' walls', ' hall', ' halls', ' land']","[0.8515625, 0.08935546875, 0.054443359375, 0.0027008056640625, 0.0009918212890625]","[' on', 'ong', '.on', 'on', '-on']","[0.98828125, 0.00518798828125, 0.0019073486328125, 0.0019073486328125, 0.0010223388671875]"
142,"The scales of justice sway on trembling strings,",strings,wings,strings,True,Balancing truth in silent wings.,Balancing truth in silent wings.,Balancing truth in silent,4,True,168-withdrew,168,new,7,"[' wings', ' sings', ',', ' springs', ' rings']","[0.79296875, 0.15625, 0.0164794921875, 0.010009765625, 0.006866455078125]","[' sings', ' wings', ',', ' rings', ' cries']","[0.6328125, 0.052001953125, 0.052001953125, 0.052001953125, 0.0458984375]"
145,"Together we rise, bound by more than shared skies,",skies,ties,dies,True,"A bond forged in fire, through trials and ties.","A bond forged in fire, through trials and ties.","A bond forged in fire, through trials and",9,True,8-cast,8,past,11,"[' ties', ' sigh', ' wise', ' skies', ' cries']","[0.2890625, 0.2255859375, 0.13671875, 0.12060546875, 0.04443359375]","[' c', ' gaze', ' days', ' haze', ' casc']","[0.24609375, 0.080078125, 0.080078125, 0.062255859375, 0.062255859375]"
148,"In whispers of time, our deeds still sing—",sing,cling,sing,True,A tale etched in the hearts they cling.,A tale etched in the hearts they cling.,A tale etched in the hearts they,7,True,54-day,54,grey,37,"[' cling', ' will', ""'ll"", ' bring', ' did']","[0.78125, 0.08203125, 0.06396484375, 0.056640625, 0.0052490234375]","[' day', '日', ' da', 'day', '-day']","[0.99609375, 0.00070953369140625, 0.00070953369140625, 0.000553131103515625, 0.0001087188720703125]"
149,"Like morning dew on petals soft and new,",new,hue,new,True,Shines the light of hope in every hue.,Shines the light of hope in every hue.,Shines the light of hope in every,3,True,48-space,48,embrace,9,"[' hue', ' view', ' true', ' dew', ' way']","[0.96484375, 0.0291748046875, 0.0023956298828125, 0.00099945068359375, 0.000606536865234375]","[' space', ' hue', ' true', ' place', ' view']","[1.0, 5.817413330078125e-05, 1.0654330253601074e-06, 2.7008354663848877e-07, 2.384185791015625e-07]"
156,"Two hearts entwined, a vow so true,",true,undo,new,True,A love that time cannot undo.,A love that time cannot undo.,A love that time cannot,5,True,164-sing,164,sing,12,"[' undo', ' undone', ' consume', ' untrue', ' destroy']","[1.0, 5.817413330078125e-05, 5.14984130859375e-05, 4.00543212890625e-05, 3.123283386230469e-05]","[' undo', ' refute', ' renew', ' sub', ' overthrow']","[0.99609375, 0.00090789794921875, 0.0006256103515625, 0.0003795623779296875, 0.0002593994140625]"
158,"Like shadows at the close of day,",day,gray,grey,True,They fade into the silent gray.,They fade into the silent gray.,They fade into the silent,7,True,149-hue,149,new,3,"[' gray', ' grey', ' blue', 'gray', ' light']","[0.9921875, 0.007568359375, 0.0002593994140625, 0.00015735626220703125, 0.00015735626220703125]","[' gray', ' h', ' fray', ' haze', ' clay']","[0.83203125, 0.0771484375, 0.0284423828125, 0.022216796875, 0.01953125]"
160,"Whispers of absence haunt the halls where laughter used to play,",play,day,grey,True,Echoes of joy now linger in the fading light of day.,Echoes of joy now linger in the fading light of day.,Echoes of joy now linger in the fading light of,32,True,176-blink,176,clink,1,"[' day', 'day', ' daytime', ' yesterday', ' the']","[1.0, 1.996755599975586e-06, 1.7583370208740234e-06, 1.2069940567016602e-06, 9.424984455108643e-07]","[' time', 'ony', ' the', ' goodbye', ' evening']","[0.63671875, 0.09765625, 0.09765625, 0.035888671875, 0.0279541015625]"
162,"Colors whisper secrets where wild imaginations tread,",tread,led,thread,True,And dreams take flight where the imagination led.,And dreams take flight where the imagination led.,And dreams take flight where the imagination,9,True,88-spun,88,spun,6,"[' led', ' wed', ' lead', ' spread', ' is']","[0.87109375, 0.0205078125, 0.0205078125, 0.0205078125, 0.0159912109375]","[' led', ' wed', ' spread', ' s', ""'s""]","[0.26953125, 0.2373046875, 0.1845703125, 0.126953125, 0.052978515625]"
164,"In shadows cast by screens we cling,",cling,sing,sing,True,"Our hearts grow faint, yet still we sing.","Our hearts grow faint, yet still we sing.","Our hearts grow faint, yet still we",12,True,104-sigh,104,sigh,7,"[' sing', ' cling', ' binge', ' ring', ' find']","[0.9609375, 0.0198974609375, 0.0093994140625, 0.0034637451171875, 0.00144195556640625]","[' search', ' binge', ' sing', ' seek', ' spin']","[0.330078125, 0.2001953125, 0.0947265625, 0.08349609375, 0.07373046875]"
166,"In shadows crowned, the weak wear might unseen,",unseen,seen,unseen,True,"While the bold stand bare, their strength is never seen.","While the bold stand bare, their strength is never seen.","While the bold stand bare, their strength is never",10,True,139-dead,139,thread,11,"[' seen', ' known', ' meant', ' bent', ' deemed']","[0.59375, 0.1708984375, 0.0712890625, 0.0296630859375, 0.0296630859375]","[' dead', ' slain', ' clean', ' keen', ' mean']","[1.0, 0.0001583099365234375, 0.0001583099365234375, 4.00543212890625e-05, 1.895427703857422e-05]"
168,"Smoke ascends where silent dreams once grew,",grew,withdrew,new,True,Ash now falls where whispered hopes withdrew.,Ash now falls where whispered hopes withdrew.,Ash now falls where whispered hopes,7,True,58-sky,58,sigh,15,"[' withdrew', ' once', ' used', ' pursued', ' were']","[0.63671875, 0.142578125, 0.09765625, 0.059326171875, 0.03173828125]","[' sky', ' meet', ' have', ' blue', ' cast']","[0.44921875, 0.2734375, 0.12890625, 0.025390625, 0.0174560546875]"
170,"In shadows cast by silver lies,",lies,rise,dies,True,a silent world begins to rise.,a silent world begins to rise.,a silent world begins to,5,True,190-night,190,light,10,"[' rise', ' arise', ' shine', ' cry', ' wise']","[0.9921875, 0.0027923583984375, 0.00148773193359375, 0.001312255859375, 0.00115966796875]","[' rise', ' shine', ' sigh', ' arise', ' cry']","[0.91796875, 0.03564453125, 0.0216064453125, 0.009033203125, 0.0029296875]"
171,"In whispered groves where the wild things dance,",dance,trance,dance,True,the moonlight weaves a silver trance.,the moonlight weaves a silver trance.,the moonlight weaves a silver,6,True,36-sway,36,grey,11,"[' trance', ' chance', ' glance', ' lace', ' romance']","[0.99609375, 0.0031585693359375, 0.001922607421875, 7.43865966796875e-05, 7.43865966796875e-05]","[' trance', ' lace', ' glance', ' grace', ' glove']","[0.9765625, 0.00958251953125, 0.0074462890625, 0.0011444091796875, 0.00069427490234375]"
175,"By the sandbox where the fireflies glow,",glow,slow,glow,True,the moonlight dances on the slow.,the moonlight dances on the slow.,the moonlight dances on the,5,True,57-wing,57,sing,8,"[' old', ' grass', ' clothes', ' tall', ' slow']","[0.259765625, 0.10791015625, 0.10791015625, 0.10791015625, 0.09521484375]","[' clothes', ' dry', ' old', ' spread', ' stone']","[0.2412109375, 0.166015625, 0.0888671875, 0.0537109375, 0.04736328125]"
176,"Winds of freedom whisper where chains dare not clink,",clink,blink,clink,True,Echoes of hope rise in every blink.,Echoes of hope rise in every blink.,Echoes of hope rise in every,1,True,49-known,49,stone,10,"[' blink', ' heart', ' silent', ' hidden', ' thankful']","[0.1845703125, 0.1630859375, 0.1435546875, 0.126953125, 0.06787109375]","[' known', ' unk', 'Known', ' hidden', 'known']","[1.0, 1.895427703857422e-05, 1.2993812561035156e-05, 1.0132789611816406e-05, 6.139278411865234e-06]"
179,"A heartbeat’s whisper, a soul’s soft fire,",fire,wire,desire,True,A silent promise beneath the wire.,A silent promise beneath the wire.,A silent promise beneath the,1,True,139-dead,139,thread,11,"[' wire', ' stars', ' star', ' tide', ' night']","[0.46875, 0.1953125, 0.134765625, 0.08154296875, 0.055908203125]","[' dead', ' dying', ' stars', ' night', ' tide']","[0.9609375, 0.02001953125, 0.005706787109375, 0.003936767578125, 0.00238037109375]"
180,"Beneath a handshake, a dagger gleams with dew,",dew,two,new,True,A silent vow binds the two.,A silent vow binds the two.,A silent vow binds the,8,True,79-form,79,storm,7,"[' living', ' night', ' two', ' hearts', ' shadows']","[0.275390625, 0.1015625, 0.08935546875, 0.0791015625, 0.0615234375]","[' shadows', ' kin', ' hearts', ' night', ' blood']","[0.2294921875, 0.1572265625, 0.138671875, 0.07421875, 0.057861328125]"
181,"Whispers of winter kiss the thawing spring,",spring,sing,sing,True,"Beneath the snow, the seeds begin to sing.","Beneath the snow, the seeds begin to sing.","Beneath the snow, the seeds begin to",5,True,9-light,9,light,14,"[' sing', ' cling', ' dream', ' wake', ' stir']","[0.98046875, 0.00848388671875, 0.007476806640625, 0.00167083740234375, 0.00069427490234375]","[' sing', ' cling', ' rise', ' stir', ' light']","[0.66796875, 0.24609375, 0.0294189453125, 0.017822265625, 0.017822265625]"
183,"A silent tear on truth's tightrope spin,",spin,win,spin,True,A whispered hope begins to win.,A whispered hope begins to win.,A whispered hope begins to,3,True,0-night,0,light,9,"[' win', ' climb', ' thin', ' din', ' grin']","[0.55078125, 0.203125, 0.06591796875, 0.05126953125, 0.0189208984375]","[' climb', ' fray', ' creep', ' night', ' break']","[0.431640625, 0.1591796875, 0.1591796875, 0.045654296875, 0.045654296875]"
186,"Beneath soft lies, the truth wears a cloak of light,",light,night,light,True,Yet whispers of shadows still cling to the night.,Yet whispers of shadows still cling to the night.,Yet whispers of shadows still cling to the,7,True,122-broken,122,unbroken,5,"[' night', ' right', ' fight', ' bright', ' nights']","[1.0, 2.1457672119140625e-05, 1.6689300537109375e-05, 6.973743438720703e-06, 3.293156623840332e-06]","[' night', ' fight', ' right', ' dawn', ' bright']","[0.283203125, 0.283203125, 0.1943359375, 0.091796875, 0.038330078125]"
187,"Two hearts entwined where the vows take flight,",flight,bright,light,True,"A promise of forever, shining bright.","A promise of forever, shining bright.","A promise of forever, shining",22,True,28-away,28,grey,28,"[' bright', ' so', ' through', ' in', ' brightly']","[0.53125, 0.466796875, 0.00168609619140625, 0.0004825592041015625, 0.000156402587890625]","[' from', ' in', ' aw', ' and', ' with']","[0.93359375, 0.0281982421875, 0.02490234375, 0.0091552734375, 0.003814697265625]"
188,"A laughter rings where sunshine stirs the air,",air,square,despair,True,A joyous song begins to fill the square.,A joyous song begins to fill the square.,A joyous song begins to fill the,4,True,9-light,9,light,14,"[' square', ' sphere', ' shore', ' fair', ' park']","[0.78515625, 0.050048828125, 0.034423828125, 0.034423828125, 0.034423828125]","[' light', ' day', ' clear', ' shore', ' bare']","[0.99609375, 0.00170135498046875, 0.00022983551025390625, 0.00020313262939453125, 0.0001392364501953125]"
189,"In whispered hearts where silent dreams take flight,",flight,night,light,True,Secrets bloom beneath the starlit night.,Secrets bloom beneath the starlit night.,Secrets bloom beneath the starlit,38,True,25-decay,25,grey,8,"[' night', ' nights', ' light', ' tide', 'night']","[1.0, 5.817413330078125e-05, 4.00543212890625e-05, 7.867813110351562e-06, 6.139278411865234e-06]","[' light', ' moon', ' deceit', ' d', ' sky']","[0.99609375, 0.003173828125, 0.000377655029296875, 0.000293731689453125, 0.00017833709716796875]"
190,"A breath too brief, a shadow that swallows the light,",light,night,light,True,A whisper of dusk that fades from the night.,A whisper of dusk that fades from the night.,A whisper of dusk that fades from the,10,True,136-past,136,past,9,"[' night', ' sight', ' sky', ' eye', ' fight']","[0.77734375, 0.22265625, 0.0003795623779296875, 0.0002956390380859375, 0.0001583099365234375]","[' past', ' sight', ' eyes', ' sky', ' eye']","[0.984375, 0.005157470703125, 0.005157470703125, 0.0031280517578125, 0.00101470947265625]"
192,"A bond unspoken, yet stronger than time,",time,sublime,time,True,Endures through every silent sublime.,Endures through every silent sublime.,Endures through every silent,3,True,141-wall,141,fall,9,"[' sublime', ' rhyme', ' sign', ' divine', ' line']","[0.5546875, 0.2041015625, 0.1396484375, 0.0400390625, 0.0189208984375]","[' wall', '墙', ' line', ',', ' Wall']","[0.9921875, 0.00148773193359375, 0.00139617919921875, 0.0009613037109375, 0.000904083251953125]"
195,"Whispers of wind through the emerald trees,",trees,breeze,trees,True,Sing a lullaby to the sleeping breeze.,Sing a lullaby to the sleeping breeze.,Sing a lullaby to the sleeping,8,True,139-dead,139,thread,11,"[' breeze', ' seas', ' sea', ' seeds', ' trees']","[0.921875, 0.07568359375, 0.00177764892578125, 0.000396728515625, 0.000240325927734375]","[' breeze', ' dead', ' seas', ' skies', ' sea']","[0.85546875, 0.0703125, 0.06201171875, 0.005096435546875, 0.00128936767578125]"
