,Spanish_Noun,English_Noun,Article,Predicted_Article,Article_Correct,Predicted_Noun,Noun_Correct,Predicted_Noun_Wrong_Article,Noun_Wrong_Article_Correct,Prob_Article,Prob_Noun,Prob_Noun_Wrong_Article,IC_Spanish_Noun,IC_English_Noun,IC_Article,IC_Description,Description
2,manzana,apple,la,la,True,man,True,fr,False,0.8125,0.71875,0.353515625,cama,bed,la,El mueble donde duermes por las noches es la cama,El mueble donde duermes por las noches es la cama. La fruta roja o verde que crece en los árboles es
3,sillón,armchair,el,el,True,sill,True,s,True,0.8515625,0.6328125,0.859375,portapapeles,clipboard,el,La tabla con gancho que sostiene hojas es el portapapeles,La tabla con gancho que sostiene hojas es el portapapeles. El asiento cómodo con brazos donde te relajas es
4,hacha,axe,el,la,False,h,True,si,False,0.6640625,0.96875,0.953125,trampolín,trampoline,el,La superficie elástica donde saltas y rebotas es el trampolín,La superficie elástica donde saltas y rebotas es el trampolín. La herramienta con filo que usan los leñadores es
5,bebé,baby,el,el,True,beb,True,cri,False,0.52734375,0.9765625,0.4375,espagueti,spaghetti,el,La pasta larga y delgada que enrollas con tenedor es el espagueti,La pasta larga y delgada que enrollas con tenedor es el espagueti. El niño muy pequeño que llora y necesita cuidados es
6,pelota,ball,la,la,True,pel,True,bal,False,0.88671875,1.0,1.0,refrigerador,refrigerator,el,El electrodoméstico que mantiene fría la comida es el refrigerador,El electrodoméstico que mantiene fría la comida es el refrigerador. El objeto redondo que rebota y se usa para jugar es
7,plátano,banana,el,la,False,pl,True,pi,False,0.50390625,0.8046875,0.78125,casa,house,la,El lugar donde vives con tu familia es la casa,El lugar donde vives con tu familia es la casa. La fruta amarilla y alargada que comen los monos es
9,canasta,basket,la,la,True,c,True,c,True,0.64453125,0.95703125,0.66796875,pestaña,eyelash,la,El pelo pequeño que crece en el borde del párpado es la pestaña,El pelo pequeño que crece en el borde del párpado es la pestaña. El recipiente tejido donde guardas frutas o ropa es
10,murciélago,bat,el,el,True,mur,True,mur,True,0.69140625,0.99609375,0.87109375,camisa,shirt,la,La prenda que cubre tu torso y brazos es la camisa,La prenda que cubre tu torso y brazos es la camisa. El animal que vuela de noche y cuelga boca abajo es
13,cama,bed,la,la,True,c,True,col,False,0.98046875,1.0,0.87890625,burro,donkey,el,El animal gris parecido al caballo pero más pequeño es el burro,El animal gris parecido al caballo pero más pequeño es el burro. El mueble donde duermes por las noches es
14,sábana,bedsheet,la,el,False,s,True,col,False,0.291015625,0.578125,0.84765625,rata almizclera,muskrat,la,El roedor que vive cerca del agua es la rata almizclera,El roedor que vive cerca del agua es la rata almizclera. La tela que cubre el colchón donde duermes es
15,bicicleta,bike,la,la,True,bic,True,bic,True,0.83984375,0.953125,0.90234375,garganta,throat,la,La parte interna del cuello por donde pasa comida es la garganta,La parte interna del cuello por donde pasa comida es la garganta. El vehículo de dos ruedas que pedaleas es
17,pájaro,bird,el,el,True,pá,True,pal,False,0.9765625,0.94921875,0.84765625,bicicleta,bike,la,El vehículo de dos ruedas que pedaleas es la bicicleta,El vehículo de dos ruedas que pedaleas es la bicicleta. El animal con plumas que vuela y canta es
18,manta,blanket,la,la,True,,True,ab,False,0.62890625,0.87109375,0.6875,águila,eagle,el,El ave rapaz grande con vista muy aguda es el águila,El ave rapaz grande con vista muy aguda es el águila. La tela gruesa que te cubre para darte calor es
19,licuadora,blender,la,la,True,lic,True,proces,False,0.51953125,0.51171875,0.66015625,balsa,raft,la,La embarcación simple hecha de troncos es la balsa,La embarcación simple hecha de troncos es la balsa. El electrodoméstico que mezcla y tritura alimentos es
20,botas,boots,las,los,False,bot,True,bot,True,0.6484375,1.0,0.64453125,gaviota,seagull,la,El ave blanca que vuela cerca del mar es la gaviota,El ave blanca que vuela cerca del mar es la gaviota. El calzado alto que protege los pies y tobillos son
25,cactus,cactus,el,el,True,c,True,c,True,0.80078125,0.9921875,0.984375,pepperoni,pepperoni,el,El embutido picante que pones en la pizza es el pepperoni,El embutido picante que pones en la pizza es el pepperoni. La planta espinosa que crece en el desierto es
26,jaula,cage,la,la,True,j,True,gall,False,0.75390625,1.0,0.341796875,camello,camel,el,El animal del desierto con jorobas es el camello,El animal del desierto con jorobas es el camello. El compartimento con barrotes donde viven algunos animales es
27,cámara,camera,la,la,True,cámara,True,objetivo,False,0.79296875,0.88671875,0.19140625,cisne,swan,el,El ave elegante de cuello largo es el cisne,El ave elegante de cuello largo es el cisne. El aparato que usas para tomar fotografías es
28,zanahoria,carrot,la,la,True,z,True,p,False,0.90625,0.9140625,0.734375,lince,bobcat,el,El felino salvaje de orejas puntiagudas es el lince,El felino salvaje de orejas puntiagudas es el lince. La verdura naranja y alargada que comen los conejos es
29,coliflor,cauliflower,la,el,False,col,True,br,False,0.671875,0.267578125,0.236328125,carámbano,icicle,el,El hielo colgante que se forma en el techo es el carámbano,El hielo colgante que se forma en el techo es el carámbano. La verdura blanca con forma de árbol pequeño es
31,chimenea,chimney,la,el,False,chim,True,chim,True,0.55859375,1.0,0.421875,impermeable,raincoat,el,La prenda que te pones cuando llueve es el impermeable,La prenda que te pones cuando llueve es el impermeable. La estructura por donde sale el humo de la casa es
32,palillos,chopsticks,los,los,True,pal,True,c,False,0.64453125,0.671875,0.98828125,ceniza,ash,la,El polvo gris que queda después de quemar algo es la ceniza,El polvo gris que queda después de quemar algo es la ceniza. Los utensilios de madera que usan en Asia para comer son
33,reloj,clock,el,el,True,re,True,re,True,0.96875,1.0,0.76171875,bigote,moustache,el,El pelo que crece arriba del labio superior es el bigote,El pelo que crece arriba del labio superior es el bigote. El aparato que marca las horas del día es
34,cobra,cobra,la,la,True,c,True,pit,False,0.67578125,0.396484375,0.232421875,tulipán,tulip,el,La flor de colores vivos que florece en primavera es el tulipán,La flor de colores vivos que florece en primavera es el tulipán. La serpiente venenosa que puede expandir su cuello es
35,peine,comb,el,el,True,pe,True,pe,True,0.93359375,0.77734375,0.4140625,sillón,armchair,el,El asiento cómodo con brazos donde te relajas es el sillón,El asiento cómodo con brazos donde te relajas es el sillón. El objeto con dientes que usas para arreglar el cabello es
36,galleta,cookie,la,el,False,g,True,pan,False,0.87109375,0.98828125,0.9375,dentista,dentist,el,El doctor que cuida y arregla los dientes es el dentista,El doctor que cuida y arregla los dientes es el dentista. El dulce crujiente que horneas en la cocina es
37,cangrejo de río,crawfish,el,el,True,camar,False,gam,False,0.96484375,0.484375,0.30859375,leopardo,leopard,el,El felino manchado que caza en África y Asia es el leopardo,El felino manchado que caza en África y Asia es el leopardo. El crustáceo pequeño de agua dulce que parece langosta es
38,taza,cup,la,la,True,t,True,t,True,0.89453125,1.0,0.75,soplete,blowtorch,el,La herramienta que produce llama muy caliente es el soplete,La herramienta que produce llama muy caliente es el soplete. El recipiente pequeño donde bebes café o té es
41,diente de león,dandelion,el,el,True,d,True,d,True,0.65234375,0.1474609375,0.306640625,tulipán,tulip,el,La flor de colores vivos que florece en primavera es el tulipán,La flor de colores vivos que florece en primavera es el tulipán. La flor amarilla silvestre que se convierte en pelusa es
43,perro,dog,el,el,True,per,True,p,True,0.97265625,0.99609375,0.94140625,edredón,quilt,el,La manta gruesa y decorativa que cubre la cama es el edredón,La manta gruesa y decorativa que cubre la cama es el edredón. El animal doméstico fiel que ladra y mueve la cola es
44,muñeca,doll,la,el,False,mu,True,mu,True,0.671875,0.98828125,0.921875,diploma,diploma,el,El documento que recibes al graduarte es el diploma,El documento que recibes al graduarte es el diploma. El juguete con forma de persona que usan los niños es
46,umbral,doorstep,el,el,True,um,True,escal,False,0.6328125,0.7109375,0.35546875,pestaña,eyelash,la,El pelo pequeño que crece en el borde del párpado es la pestaña,El pelo pequeño que crece en el borde del párpado es la pestaña. El escalón de entrada en la puerta de la casa es
48,águila,eagle,el,el,True,hal,False,le,False,0.92578125,0.48828125,0.42578125,gusano,maggot,el,La larva blanca que sale en la carne podrida es el gusano,La larva blanca que sale en la carne podrida es el gusano. El ave rapaz grande con vista muy aguda es
49,oreja,ear,la,el,False,ore,True,o,True,0.65234375,0.9453125,0.98828125,codo,elbow,el,La articulación que une el brazo con el antebrazo es el codo,La articulación que une el brazo con el antebrazo es el codo. La parte del cuerpo con la que escuchas sonidos es
50,codo,elbow,el,el,True,c,True,artic,False,0.69921875,1.0,0.90625,secador de pelo,hairdryer,el,El aparato que sopla aire caliente para secar cabello es el secador de pelo,El aparato que sopla aire caliente para secar cabello es el secador de pelo. La articulación que une el brazo con el antebrazo es
51,elefante,elephant,el,el,True,ele,True,ele,True,0.984375,1.0,0.98046875,higo,fig,el,La fruta dulce de piel morada y pulpa roja es el higo,La fruta dulce de piel morada y pulpa roja es el higo. El mamífero gigante con trompa y colmillos es
52,escalera mecánica,escalator,la,el,False,mont,False,asc,False,0.451171875,0.8515625,0.91796875,pastillero,pillbox,el,La cajita donde guardas medicamentos es el pastillero,La cajita donde guardas medicamentos es el pastillero. La escalera que se mueve sola en centros comerciales es
53,pestaña,eyelash,la,el,False,ce,False,v,False,0.90625,0.9375,0.380859375,llanta,tire,la,La rueda de goma que gira en los autos es la llanta,La rueda de goma que gira en los autos es la llanta. El pelo pequeño que crece en el borde del párpado es
55,dedo,finger,el,el,True,ded,True,pun,False,0.97265625,0.98828125,0.3515625,pollito,chick,el,El bebé de la gallina que hace pío es el pollito,El bebé de la gallina que hace pío es el pollito. La parte alargada de la mano que usas para señalar es
56,pez,fish,el,un,False,pe,True,tr,False,0.484375,0.98046875,0.353515625,barba,beard,la,El pelo que crece en la cara de los hombres es la barba,El pelo que crece en la cara de los hombres es la barba. El animal que vive en el agua y respira por branquias es
57,linterna,flashlight,la,la,True,lint,True,lint,True,0.80859375,0.9453125,0.322265625,redecilla,hairnet,la,La red que cubre el cabello para cocinar es la redecilla,La red que cubre el cabello para cocinar es la redecilla. El aparato portátil que da luz cuando no hay electricidad es
58,flor,flower,la,el,False,flor,True,foll,False,0.490234375,0.95703125,0.37890625,grava,gravel,la,Las piedras pequeñas que cubren algunos caminos es la grava,Las piedras pequeñas que cubren algunos caminos es la grava. La parte colorida y bonita de las plantas es
60,rana,frog,la,el,False,r,True,sap,False,0.953125,1.0,0.89453125,margarita,daisy,la,La flor blanca con centro amarillo muy común es la margarita,La flor blanca con centro amarillo muy común es la margarita. El anfibio verde que salta y hace croac es
62,granito,granite,el,la,False,má,False,pied,False,0.67578125,0.5546875,0.69140625,morsa,walrus,la,El mamífero marino grande con colmillos es la morsa,El mamífero marino grande con colmillos es la morsa. La piedra muy dura que se usa para hacer monumentos es
63,uva,grape,la,la,True,u,True,h,False,0.97265625,1.0,0.70703125,escopeta,shotgun,la,El arma larga que dispara muchos perdigones es la escopeta,El arma larga que dispara muchos perdigones es la escopeta. La fruta pequeña y redonda que crece en racimos es
64,grava,gravel,la,el,False,grav,True,gr,True,0.58203125,0.29296875,0.42578125,capullo de rosa,rosebud,el,La rosa que aún no se ha abierto completamente es el capullo de rosa,La rosa que aún no se ha abierto completamente es el capullo de rosa. Las piedras pequeñas que cubren algunos caminos es
65,barandilla,guardrail,la,la,True,bar,True,pas,False,0.431640625,0.828125,0.1552734375,faro,headlight,el,La luz delantera que ilumina el camino en autos es el faro,La luz delantera que ilumina el camino en autos es el faro. La protección de metal en puentes y escaleras es
66,hamburguesa,hamburger,la,la,True,em,False,em,False,0.7265625,0.412109375,0.177734375,canicas,marbles,las,Las esferas de vidrio con las que juegan niños son las canicas,Las esferas de vidrio con las que juegan niños son las canicas. La carne molida entre dos panes que comes con las manos es
67,pistola,handgun,la,el,False,pist,True,rev,False,0.59375,1.0,0.78515625,pasaporte,passport,el,El documento que necesitas para viajar a otros países es el pasaporte,El documento que necesitas para viajar a otros países es el pasaporte. El arma de fuego pequeña que se usa con una mano es
68,cuerno,horn,el,el,True,cu,True,corn,False,0.546875,0.84765625,0.7421875,librero,bookshelf,el,El mueble donde organizas libros es el librero,El mueble donde organizas libros es el librero. La protuberancia dura que tienen algunos animales en la cabeza es
69,caballo,horse,el,el,True,cab,True,y,False,0.984375,1.0,0.8828125,peine,comb,el,El objeto con dientes que usas para arreglar el cabello es el peine,El objeto con dientes que usas para arreglar el cabello es el peine. El animal grande que montas y que galopa es
70,herradura,horseshoe,la,el,False,p,False,ar,False,0.66796875,0.74609375,0.6015625,insecto,bug,el,El animal pequeño de seis patas que a veces molesta es el insecto,El animal pequeño de seis patas que a veces molesta es el insecto. El objeto de metal que protege las patas de los caballos es
72,casa,house,la,la,True,casa,True,hog,False,0.70703125,0.9609375,0.98828125,arena,sand,la,Los granos pequeños que cubren las playas es la arena,Los granos pequeños que cubren las playas es la arena. El lugar donde vives con tu familia es
74,frasco,jar,el,la,False,tar,False,jar,False,0.484375,0.8515625,0.8671875,margarita,daisy,la,La flor blanca con centro amarillo muy común es la margarita,La flor blanca con centro amarillo muy común es la margarita. El recipiente de vidrio con tapa donde guardas conservas es
75,vaqueros,jeans,los,los,True,jeans,False,jeans,False,0.9140625,0.9609375,0.765625,gaviota,seagull,la,El ave blanca que vuela cerca del mar es la gaviota,El ave blanca que vuela cerca del mar es la gaviota. Los pantalones de mezclilla azul muy populares son
76,cometa,kite,la,el,False,com,True,com,True,0.80859375,0.98828125,0.91796875,elefante,elephant,el,El mamífero gigante con trompa y colmillos es el elefante,El mamífero gigante con trompa y colmillos es el elefante. El juguete de papel que vuela con el viento es
77,rodilla,knee,la,el,False,co,False,f,False,0.4765625,0.453125,0.2490234375,gusano,maggot,el,La larva blanca que sale en la carne podrida es el gusano,La larva blanca que sale en la carne podrida es el gusano. La articulación que une el muslo con la pierna es
78,escalera,ladder,la,la,True,escal,True,and,False,0.44140625,0.99609375,0.283203125,tulipán,tulip,el,La flor de colores vivos que florece en primavera es el tulipán,La flor de colores vivos que florece en primavera es el tulipán. Los escalones portátiles que usas para subir alto es
79,farol,lantern,el,la,False,far,True,lint,False,0.93359375,0.4609375,0.90625,mochila,backpack,la,La bolsa que cargas en la espalda es la mochila,La bolsa que cargas en la espalda es la mochila. La lámpara portátil que usaban antes de la electricidad es
80,hoja,leaf,la,la,True,ho,True,mus,False,0.8671875,0.96875,0.84375,espátula,spatula,la,El utensilio plano que volteas comida es la espátula,El utensilio plano que volteas comida es la espátula. La parte verde y plana que crece en las ramas es
81,limón,lemon,el,el,True,lim,True,n,False,0.5859375,0.66015625,0.478515625,tábano,horsefly,el,El insecto grande que pica a los caballos es el tábano,El insecto grande que pica a los caballos es el tábano. La fruta amarilla y ácida que usas en bebidas es
82,leopardo,leopard,el,el,True,le,True,le,True,0.76953125,0.9453125,0.58203125,revista,magazine,la,La publicación con fotos e historias que lees es la revista,La publicación con fotos e historias que lees es la revista. El felino manchado que caza en África y Asia es
83,bombilla,lightbulb,la,la,True,bomb,True,foc,False,0.8984375,0.8515625,0.60546875,cordero,lamb,el,El bebé de la oveja que bala tiernamente es el cordero,El bebé de la oveja que bala tiernamente es el cordero. El objeto de vidrio que da luz eléctrica es
84,revista,magazine,la,la,True,salsa,False,contenido,False,0.2490234375,0.357421875,0.3203125,salsa,gravy,la,El líquido espeso que acompaña la carne es la salsa,El líquido espeso que acompaña la carne es la salsa. La publicación con fotos e historias que lees es
85,buzón,mailbox,el,un,False,buz,True,c,False,0.35546875,0.99609375,0.7421875,palomitas,popcorn,las,Los granos de maíz inflados que comes en el cine son las palomitas,Los granos de maíz inflados que comes en el cine son las palomitas. La caja donde el cartero deja las cartas es
86,mango,mango,el,la,False,mango,True,n,False,0.671875,0.4375,0.275390625,avispa,wasp,la,El insecto rayado que puede picar es la avispa,El insecto rayado que puede picar es la avispa. La fruta tropical dulce de color naranja es
87,colchón,mattress,el,la,False,col,True,alm,False,0.58203125,1.0,0.8828125,sapo,toad,el,El anfibio parecido a la rana pero más grande es el sapo,El anfibio parecido a la rana pero más grande es el sapo. La parte suave de la cama donde descansa tu cuerpo es
88,pastel de carne,meatloaf,el,el,True,em,False,em,False,0.71875,0.54296875,0.7578125,lince,bobcat,el,El felino salvaje de orejas puntiagudas es el lince,El felino salvaje de orejas puntiagudas es el lince. El platillo horneado hecho con carne molida es
89,microscopio,microscope,el,el,True,micro,True,l,False,0.95703125,1.0,0.58984375,tablero,backboard,el,La superficie vertical donde rebota la pelota de básquet es el tablero,La superficie vertical donde rebota la pelota de básquet es el tablero. El instrumento que agranda cosas muy pequeñas es
90,trampa para ratones,mousetrap,la,la,True,tr,True,tr,True,0.80078125,0.99609375,0.9765625,pantano,swamp,el,El terreno húmedo lleno de lodo es el pantano,El terreno húmedo lleno de lodo es el pantano. El aparato que atrapas los roedores pequeños es
91,mula,mule,la,el,False,m,True,m,True,0.92578125,0.99609375,0.8203125,galleta,cookie,la,El dulce crujiente que horneas en la cocina es la galleta,El dulce crujiente que horneas en la cocina es la galleta. El animal híbrido entre caballo y burro es
93,cuello,neck,el,el,True,c,True,c,True,0.98046875,1.0,0.5234375,espátula,spatula,la,El utensilio plano que volteas comida es la espátula,El utensilio plano que volteas comida es la espátula. La parte del cuerpo que conecta la cabeza con el tronco es
94,nectarina,nectarine,la,la,True,mel,False,h,False,0.578125,0.251953125,0.66015625,colchón,mattress,el,La parte suave de la cama donde descansa tu cuerpo es el colchón,La parte suave de la cama donde descansa tu cuerpo es el colchón. La fruta parecida al durazno pero con piel lisa es
95,avena,oat,la,el,False,a,True,pan,False,0.95703125,0.6796875,0.578125,sierra,hacksaw,la,La herramienta dentada que corta metal es la sierra,La herramienta dentada que corta metal es la sierra. El cereal que comes en el desayuno con leche es
96,pulpo,octopus,el,la,False,pul,True,pul,True,0.58203125,0.93359375,0.75,pollito,chick,el,El bebé de la gallina que hace pío es el pollito,El bebé de la gallina que hace pío es el pollito. El animal marino con ocho tentáculos es
98,loro,parrot,el,el,True,loro,True,lor,True,0.92578125,0.49609375,0.3125,bombilla,lightbulb,la,El objeto de vidrio que da luz eléctrica es la bombilla,El objeto de vidrio que da luz eléctrica es la bombilla. El ave tropical colorida que puede imitar palabras es
99,pasaporte,passport,el,el,True,pas,True,visa,False,0.7578125,0.99609375,0.58203125,campana,bell,la,El objeto metálico que suena cuando lo mueves es la campana,El objeto metálico que suena cuando lo mueves es la campana. El documento que necesitas para viajar a otros países es
100,pavo real,peacock,el,el,True,cu,False,pal,False,0.7265625,0.26171875,0.478515625,gusano,maggot,el,La larva blanca que sale en la carne podrida es el gusano,La larva blanca que sale en la carne podrida es el gusano. El ave con cola grande y colorida que hace rueda es
101,pingüino,penguin,el,el,True,ping,True,pal,False,0.7734375,0.9296875,0.67578125,cepillo de dientes,toothbrush,el,El utensilio con cerdas para limpiar los dientes es el cepillo de dientes,El utensilio con cerdas para limpiar los dientes es el cepillo de dientes. El ave que no vuela y vive en lugares fríos es
102,pepperoni,pepperoni,el,el,True,pepper,True,sal,False,0.85546875,0.5703125,0.90234375,bistec,steak,el,La carne de res gruesa que asas es el bistec,La carne de res gruesa que asas es el bistec. El embutido picante que pones en la pizza es
103,cerdo,pig,el,el,True,cer,True,cer,True,0.984375,1.0,0.9921875,panadería,bakeshop,la,La tienda donde venden pan recién horneado es la panadería,La tienda donde venden pan recién horneado es la panadería. El animal rosado que vive en granjas y hace oink es
104,almohada,pillow,la,el,False,alm,True,col,False,0.484375,0.98828125,0.52734375,riñón,kidney,el,El órgano que filtra la sangre en tu cuerpo es el riñón,El órgano que filtra la sangre en tu cuerpo es el riñón. El cojín suave donde apoyas la cabeza para dormir es
106,pizza,pizza,la,el,False,pizza,True,pizza,True,0.458984375,0.97265625,0.25390625,placa,badge,la,El distintivo metálico que usan policías es la placa,El distintivo metálico que usan policías es la placa. El platillo italiano redondo con queso y salsa es
107,tablón,plank,el,la,False,p,False,tabla,False,0.234375,0.134765625,0.62109375,pastel de queso,cheesecake,el,El postre cremoso hecho con queso es el pastel de queso,El postre cremoso hecho con queso es el pastel de queso. La tabla de madera larga y gruesa para construcción es
110,pluma de ave,quill,la,el,False,cal,False,cal,False,0.50390625,0.78125,0.5,prismáticos,binoculars,los,El instrumento óptico que usas para ver cosas lejanas son los prismáticos,El instrumento óptico que usas para ver cosas lejanas son los prismáticos. La pluma grande que usaban para escribir antiguamente es
111,edredón,quilt,el,el,True,mant,False,m,False,0.478515625,0.1494140625,0.216796875,azulejo,bluebird,el,El pájaro pequeño de color azul brillante es el azulejo,El pájaro pequeño de color azul brillante es el azulejo. La manta gruesa y decorativa que cubre la cama es
113,impermeable,raincoat,el,el,True,par,False,cha,False,0.56640625,0.87890625,0.80078125,tomate,tomato,el,La fruta roja que usas en ensaladas y salsas es el tomate,La fruta roja que usas en ensaladas y salsas es el tomate. La prenda que te pones cuando llueve es
115,refrigerador,refrigerator,el,el,True,refriger,True,never,False,0.796875,0.734375,0.98046875,palomitas,popcorn,las,Los granos de maíz inflados que comes en el cine son las palomitas,Los granos de maíz inflados que comes en el cine son las palomitas. El electrodoméstico que mantiene fría la comida es
116,bata,robe,la,el,False,b,True,pant,False,0.6796875,0.58984375,0.29296875,león,lion,el,El felino grande que ruge y tiene melena es el león,El felino grande que ruge y tiene melena es el león. La prenda larga y suelta que usas en casa es
117,arena,sand,la,la,True,arena,True,arena,True,0.89453125,0.99609375,0.4296875,candelero,candlestick,el,El soporte donde pones velas es el candelero,El soporte donde pones velas es el candelero. Los granos pequeños que cubren las playas es
118,sardina,sardine,la,el,False,s,True,pe,False,0.921875,0.87109375,0.482421875,azulejo,bluebird,el,El pájaro pequeño de color azul brillante es el azulejo,El pájaro pequeño de color azul brillante es el azulejo. El pez pequeño que viene en latas es
120,gaviota,seagull,la,la,True,g,True,g,True,0.5078125,0.984375,0.70703125,dientes,teeth,los,Los huesos blancos que usas para masticar son los dientes,Los huesos blancos que usas para masticar son los dientes. El ave blanca que vuela cerca del mar es
121,chal,shawl,el,el,True,ab,False,cha,True,0.4921875,0.8828125,0.76171875,arándano rojo,cranberry,el,La fruta ácida roja que comes en Navidad es el arándano rojo,La fruta ácida roja que comes en Navidad es el arándano rojo. La prenda que te pones sobre los hombros es
123,trineo,sled,el,la,False,tr,True,tr,True,0.625,0.95703125,0.3828125,carriola,stroller,la,El carrito donde paseas a los bebés es la carriola,El carrito donde paseas a los bebés es la carriola. El vehículo que se desliza sobre la nieve es
124,serpiente,snake,la,la,True,ser,True,c,False,0.796875,0.90625,0.302734375,puf,beanbag,el,El asiento blando lleno de pequeñas esferas es el puf,El asiento blando lleno de pequeñas esferas es el puf. El reptil largo sin patas que se arrastra es
126,espagueti,spaghetti,el,la,False,esp,True,esp,True,0.640625,0.59765625,0.46875,llanta,tire,la,La rueda de goma que gira en los autos es la llanta,La rueda de goma que gira en los autos es la llanta. La pasta larga y delgada que enrollas con tenedor es
127,lanza,spear,la,la,True,l,True,lanz,True,0.52734375,0.86328125,0.30859375,perro caliente,hotdog,el,La salchicha en pan que vendes en puestos callejeros es el perro caliente,La salchicha en pan que vendes en puestos callejeros es el perro caliente. El arma larga con punta que usaban los guerreros es
128,esponja,sponge,la,la,True,to,False,trap,False,0.48046875,0.78125,0.515625,espagueti,spaghetti,el,La pasta larga y delgada que enrollas con tenedor es el espagueti,La pasta larga y delgada que enrollas con tenedor es el espagueti. El objeto que absorbe agua para limpiar es
129,escaleras,stairs,las,las,True,escal,True,p,False,0.828125,1.0,0.58984375,computadora,computer,la,La máquina electrónica que procesa información es la computadora,La máquina electrónica que procesa información es la computadora. Los escalones que subes para llegar arriba son
130,fresa,strawberry,la,el,False,f,True,ar,False,0.6796875,0.953125,0.8515625,faro,lighthouse,el,La torre con luz que guía barcos en la noche es el faro,La torre con luz que guía barcos en la noche es el faro. La fruta roja pequeña con semillas por fuera es
132,telescopio,telescope,el,el,True,te,True,lint,False,0.53125,0.984375,0.341796875,tigre,tiger,el,El felino grande con rayas naranjas y negras es el tigre,El felino grande con rayas naranjas y negras es el tigre. El instrumento que acerca las estrellas es
134,espina,thorn,la,un,False,es,True,es,True,0.359375,0.1533203125,0.396484375,meteoro,meteor,el,La roca espacial que se quema al entrar a la atmósfera es el meteoro,La roca espacial que se quema al entrar a la atmósfera es el meteoro. La púa afilada que tienen algunas plantas es
135,tigre,tiger,el,el,True,t,True,t,True,0.984375,0.9609375,0.494140625,vodka,vodka,el,La bebida alcohólica transparente muy fuerte es el vodka,La bebida alcohólica transparente muy fuerte es el vodka. El felino grande con rayas naranjas y negras es
136,llanta,tire,la,el,False,r,False,motor,False,0.3359375,0.93359375,0.373046875,mayonesa,mayo,la,La salsa blanca cremosa que pones en tortas es la mayonesa,La salsa blanca cremosa que pones en tortas es la mayonesa. La rueda de goma que gira en los autos es
137,sapo,toad,el,el,True,sap,True,sal,False,0.84765625,0.69921875,0.64453125,lluvia,rain,la,El agua que cae del cielo cuando hay nubes es la lluvia,El agua que cae del cielo cuando hay nubes es la lluvia. El anfibio parecido a la rana pero más grande es
138,tomate,tomato,el,la,False,ar,False,f,False,0.89453125,0.98046875,0.9765625,faro,headlight,el,La luz delantera que ilumina el camino en autos es el faro,La luz delantera que ilumina el camino en autos es el faro. La fruta roja que usas en ensaladas y salsas es
139,cepillo de dientes,toothbrush,el,el,True,cep,True,cep,True,0.92578125,1.0,0.74609375,balsa,raft,la,La embarcación simple hecha de troncos es la balsa,La embarcación simple hecha de troncos es la balsa. El utensilio con cerdas para limpiar los dientes es
140,tractor,tractor,el,la,False,tractor,True,cose,False,0.90625,0.94140625,0.44140625,herradura,horseshoe,la,El objeto de metal que protege las patas de los caballos es la herradura,El objeto de metal que protege las patas de los caballos es la herradura. La máquina grande que trabaja en el campo es
141,trampolín,trampoline,el,el,True,tr,True,p,False,0.43359375,0.71875,0.412109375,delfín,dolphin,el,El mamífero marino inteligente que salta es el delfín,El mamífero marino inteligente que salta es el delfín. La superficie elástica donde saltas y rebotas es
144,tortuga,turtle,la,la,True,tort,True,tort,True,0.9375,1.0,0.953125,cuervo,crow,el,El ave negra que hace caw caw es el cuervo,El ave negra que hace caw caw es el cuervo. El reptil que lleva su casa en el caparazón es
145,televisor,tv,el,la,False,tele,True,tele,True,0.55078125,0.99609375,0.796875,burrito,burrito,el,El platillo mexicano enrollado en tortilla de harina es el burrito,El platillo mexicano enrollado en tortilla de harina es el burrito. El aparato donde ves programas y películas es
146,ubre,udder,la,el,False,ub,True,ú,False,0.54296875,0.7890625,0.62890625,pez,fish,el,El animal que vive en el agua y respira por branquias es el pez,El animal que vive en el agua y respira por branquias es el pez. La parte de la vaca donde se produce la leche es
147,paraguas,umbrella,el,el,True,par,True,som,False,0.75,0.984375,0.7578125,escalera,ladder,la,Los escalones portátiles que usas para subir alto es la escalera,Los escalones portátiles que usas para subir alto es la escalera. El objeto que te protege de la lluvia es
148,camiseta interior,undershirt,la,la,True,cam,True,calc,False,0.83203125,0.98828125,0.2890625,escopeta,shotgun,la,El arma larga que dispara muchos perdigones es la escopeta,El arma larga que dispara muchos perdigones es la escopeta. La prenda que usas debajo de la camisa es
149,monociclo,unicycle,el,el,True,mon,True,pat,False,0.330078125,0.5546875,0.890625,limón,lemon,el,La fruta amarilla y ácida que usas en bebidas es el limón,La fruta amarilla y ácida que usas en bebidas es el limón. La bicicleta de una sola rueda es
152,jabalí,warthog,el,el,True,jab,True,jab,True,0.828125,0.515625,0.341796875,club nocturno,nightclub,el,El lugar donde bailas y bebes de noche es el club nocturno,El lugar donde bailas y bebes de noche es el club nocturno. El cerdo salvaje con colmillos y verrugas es
153,agua,water,el,el,True,agua,True,agua,True,0.96484375,0.99609375,0.92578125,palillos,chopsticks,los,Los utensilios de madera que usan en Asia para comer son los palillos,Los utensilios de madera que usan en Asia para comer son los palillos. El líquido transparente que bebes cuando tienes sed es
155,despertador,alarmclock,el,el,True,desp,True,al,False,0.5546875,0.9921875,0.890625,malteada,milkshake,la,La bebida espesa hecha con helado y leche es la malteada,La bebida espesa hecha con helado y leche es la malteada. El reloj que suena para despertarte es
157,brazos,arms,los,las,False,braz,True,manos,False,0.859375,0.9921875,0.99609375,bota,boot,la,El calzado alto que cubre el tobillo es la bota,El calzado alto que cubre el tobillo es la bota. Las extremidades que usas para cargar cosas son
158,flecha,arrow,la,la,True,fle,True,fle,True,0.97265625,1.0,0.7890625,garaje,garage,el,El lugar donde guardas el auto es el garaje,El lugar donde guardas el auto es el garaje. El proyectil puntiagudo que disparan los arqueros es
159,cenicero,ashtray,el,el,True,c,True,c,True,0.455078125,0.96484375,0.92578125,esponja,sponge,la,El objeto que absorbe agua para limpiar es la esponja,El objeto que absorbe agua para limpiar es la esponja. El recipiente donde los fumadores apagan cigarrillos es
160,gaita,bagpipe,la,el,False,...,False,bag,False,0.734375,0.212890625,0.6015625,jarra,jug,la,El recipiente grande con asa para líquidos es la jarra,El recipiente grande con asa para líquidos es la jarra. El instrumento musical escocés que suena con aire es
161,mora,blackberry,la,la,True,ar,False,ar,False,0.75,0.5,0.8984375,bebé,baby,el,El niño muy pequeño que llora y necesita cuidados es el bebé,El niño muy pequeño que llora y necesita cuidados es el bebé. La fruta pequeña y oscura que crece en arbustos es
163,puente,bridge,el,el,True,pu,True,pas,False,0.60546875,0.9921875,0.4609375,carrusel,carousel,el,El juego giratorio con caballos es el carrusel,El juego giratorio con caballos es el carrusel. La construcción que cruza ríos o barrancas es
165,pizarrón,chalkboard,el,la,False,p,True,p,True,0.54296875,0.99609375,1.0,tablero,backboard,el,La superficie vertical donde rebota la pelota de básquet es el tablero,La superficie vertical donde rebota la pelota de básquet es el tablero. La superficie negra donde escribes con gis es
168,ardilla listada,chipmunk,la,el,False,ard,True,rat,False,0.6796875,0.5078125,0.62109375,llanta,tire,la,La rueda de goma que gira en los autos es la llanta,La rueda de goma que gira en los autos es la llanta. El roedor pequeño con rayas en el lomo es
170,abrigo,coat,el,un,False,ab,True,cha,False,0.431640625,0.87109375,0.86328125,berenjena,eggplant,la,La verdura morada grande y brillante es la berenjena,La verdura morada grande y brillante es la berenjena. La prenda gruesa que te pones cuando hace frío es
171,algodón,cotton,el,el,True,alg,True,l,False,0.75,0.95703125,0.88671875,linterna,flashlight,la,El aparato portátil que da luz cuando no hay electricidad es la linterna,El aparato portátil que da luz cuando no hay electricidad es la linterna. La fibra suave blanca que sale de una planta es
173,caballete,easel,el,el,True,and,False,tabla,False,0.7890625,0.5546875,0.69921875,yate,yacht,el,La embarcación lujosa de recreo es el yate,La embarcación lujosa de recreo es el yate. El soporte de madera donde los pintores ponen lienzos es
174,huevo,egg,el,el,True,h,True,h,True,0.97265625,1.0,0.890625,hoja,leaf,la,La parte verde y plana que crece en las ramas es la hoja,La parte verde y plana que crece en las ramas es la hoja. El óvalo blanco que ponen las gallinas es
178,harina,flour,la,la,True,har,True,har,True,0.41796875,0.98828125,0.52734375,bote,canister,el,El recipiente cilíndrico con tapa es el bote,El recipiente cilíndrico con tapa es el bote. El polvo blanco que usas para hacer pan es
179,zorro,fox,el,el,True,z,True,ard,False,0.9140625,0.9921875,0.59765625,espina,thorn,la,La púa afilada que tienen algunas plantas es la espina,La púa afilada que tienen algunas plantas es la espina. El animal astuto de cola peluda y orejas puntiagudas es
180,guante,glove,el,los,False,gu,True,gu,True,0.357421875,1.0,0.953125,sótano,crawlspace,el,El espacio bajo la casa donde apenas puedes gatear es el sótano,El espacio bajo la casa donde apenas puedes gatear es el sótano. La prenda que protege y calienta las manos es
181,gorila,gorilla,el,el,True,gor,True,gor,True,0.95703125,0.62109375,0.490234375,diploma,diploma,el,El documento que recibes al graduarte es el diploma,El documento que recibes al graduarte es el diploma. El simio grande y fuerte que vive en la selva es
183,cabello,hair,el,el,True,pelo,False,mel,False,0.83984375,0.62109375,0.298828125,daga,dagger,la,El arma blanca corta con doble filo es la daga,El arma blanca corta con doble filo es la daga. Los hilos que crecen en tu cabeza es
184,secador de pelo,hairdryer,el,el,True,sec,True,sec,True,0.77734375,1.0,0.9921875,helecho,fern,el,La planta verde sin flores que crece en lugares húmedos es el helecho,La planta verde sin flores que crece en lugares húmedos es el helecho. El aparato que sopla aire caliente para secar cabello es
185,huella de mano,handprint,la,un,False,hu,True,ded,False,0.29296875,0.97265625,0.59375,estante,shelf,el,La tabla horizontal donde pones libros es el estante,La tabla horizontal donde pones libros es el estante. La marca que deja tu mano en pintura es
186,faro,headlight,el,la,False,far,True,far,True,0.48046875,0.8984375,0.59765625,jabalí,warthog,el,El cerdo salvaje con colmillos y verrugas es el jabalí,El cerdo salvaje con colmillos y verrugas es el jabalí. La luz delantera que ilumina el camino en autos es
188,cocina,kitchen,la,la,True,cocina,True,com,False,0.828125,0.9921875,0.82421875,daga,dagger,la,El arma blanca corta con doble filo es la daga,El arma blanca corta con doble filo es la daga. El cuarto donde preparas la comida es
189,gatito,kitty,el,un,False,sí,False,base,False,0.296875,0.171875,0.09423828125,pirámide,pyramid,la,La construcción triangular de los faraones es la pirámide,La construcción triangular de los faraones es la pirámide. El gato bebé pequeño y juguetón es
190,cordero,lamb,el,el,True,c,True,cab,False,0.875,0.9453125,0.59765625,pingüino,penguin,el,El ave que no vuela y vive en lugares fríos es el pingüino,El ave que no vuela y vive en lugares fríos es el pingüino. El bebé de la oveja que bala tiernamente es
191,lámpara,lamp,la,la,True,lá,True,foc,False,0.93359375,0.52734375,0.84765625,escalera,ladder,la,Los escalones portátiles que usas para subir alto es la escalera,Los escalones portátiles que usas para subir alto es la escalera. El objeto que da luz eléctrica en tu cuarto es
192,cortacésped,lawnmower,el,la,False,cort,True,pod,False,0.953125,0.93359375,0.5234375,lámpara,lamp,la,El objeto que da luz eléctrica en tu cuarto es la lámpara,El objeto que da luz eléctrica en tu cuarto es la lámpara. La máquina que corta el pasto del jardín es
193,lechuga,lettuce,la,la,True,le,True,es,False,0.90234375,0.97265625,0.5859375,diploma,diploma,el,El documento que recibes al graduarte es el diploma,El documento que recibes al graduarte es el diploma. La verdura verde de hojas que comes en ensaladas es
195,gusano,maggot,el,la,False,g,True,lar,False,0.54296875,0.94921875,0.78515625,mosca,housefly,la,El insecto molesto que zumba en casa es la mosca,El insecto molesto que zumba en casa es la mosca. La larva blanca que sale en la carne podrida es
196,malteada,milkshake,la,un,False,hel,False,hel,False,0.46875,0.447265625,0.796875,portón,gate,el,La puerta grande que cierra el patio es el portón,La puerta grande que cierra el patio es el portón. La bebida espesa hecha con helado y leche es
197,espejo,mirror,el,el,True,es,True,superf,False,0.416015625,0.408203125,0.24609375,pez ángel,angelfish,el,El pez tropical con rayas que nada elegantemente es el pez ángel,El pez tropical con rayas que nada elegantemente es el pez ángel. La superficie donde te ves reflejado es
200,motocicleta,motorcycle,la,la,True,mot,True,mot,True,0.84765625,0.828125,0.921875,cucaracha,cockroach,la,El insecto marrón que aparece en cocinas sucias es la cucaracha,El insecto marrón que aparece en cocinas sucias es la cucaracha. El vehículo de dos ruedas con motor es
201,horno,oven,el,el,True,h,True,est,False,0.48828125,0.9921875,0.228515625,canasta,basket,la,El recipiente tejido donde guardas frutas o ropa es la canasta,El recipiente tejido donde guardas frutas o ropa es la canasta. El electrodoméstico donde horneas y cocinas es
202,pastel,pastry,el,el,True,past,True,t,False,0.765625,0.8984375,0.79296875,linterna,flashlight,la,El aparato portátil que da luz cuando no hay electricidad es la linterna,El aparato portátil que da luz cuando no hay electricidad es la linterna. El dulce horneado que comes de postre es
204,viga,rafter,la,un,False,estruct,False,so,False,0.43359375,0.333984375,0.302734375,brazos,arms,los,Las extremidades que usas para cargar cosas son los brazos,Las extremidades que usas para cargar cosas son los brazos. La viga de madera que sostiene el techo es
205,lluvia,rain,la,la,True,ll,True,ll,True,0.98828125,0.98828125,0.46875,agujeta,shoelace,la,El cordón que atas para cerrar los zapatos es la agujeta,El cordón que atas para cerrar los zapatos es la agujeta. El agua que cae del cielo cuando hay nubes es
206,pasa,raisin,la,la,True,pas,True,pas,True,0.609375,0.66796875,0.859375,coliflor,cauliflower,la,La verdura blanca con forma de árbol pequeño es la coliflor,La verdura blanca con forma de árbol pequeño es la coliflor. La uva seca y arrugada que comes como dulce es
207,ensalada,salad,la,el,False,ens,True,gaz,False,0.5703125,0.875,0.1240234375,trineo,sled,el,El vehículo que se desliza sobre la nieve es el trineo,El vehículo que se desliza sobre la nieve es el trineo. El platillo fresco hecho con verduras es
208,bufanda,scarf,la,la,True,cor,False,pa,False,0.71484375,0.443359375,0.8515625,león,lion,el,El felino grande que ruge y tiene melena es el león,El felino grande que ruge y tiene melena es el león. La prenda larga que te enrollas en el cuello es
209,zapato,shoe,el,el,True,zap,True,z,True,0.73828125,0.98828125,0.56640625,margarita,daisy,la,La flor blanca con centro amarillo muy común es la margarita,La flor blanca con centro amarillo muy común es la margarita. El calzado que protege y cubre el pie es
210,pala,shovel,la,la,True,p,True,p,True,0.87109375,1.0,0.921875,perro,dog,el,El animal doméstico fiel que ladra y mueve la cola es el perro,El animal doméstico fiel que ladra y mueve la cola es el perro. La herramienta que usas para cavar hoyos es
211,esqueleto,skeleton,el,el,True,es,True,columna,False,0.73828125,0.87890625,0.68359375,garbanzo,chickpea,el,La legumbre redonda de color beige es el garbanzo,La legumbre redonda de color beige es el garbanzo. Los huesos que forman la estructura del cuerpo es
212,quitanieves,snowplow,el,el,True,f,False,f,False,0.53515625,0.154296875,0.31640625,cueva,cave,la,El hueco natural en las rocas o montañas es la cueva,El hueco natural en las rocas o montañas es la cueva. La máquina que limpia la nieve de las calles es
213,refresco,soda,el,la,False,ref,True,soda,False,0.96875,0.99609375,0.875,peine,comb,el,El objeto con dientes que usas para arreglar el cabello es el peine,El objeto con dientes que usas para arreglar el cabello es el peine. La bebida gaseosa dulce que tomas fría es
214,araña,spider,la,la,True,ar,True,ar,True,0.85546875,0.87890625,0.7265625,postre,dessert,el,El dulce que comes al final de la comida es el postre,El dulce que comes al final de la comida es el postre. El arácnido de ocho patas que teje telarañas es
215,traje,suit,el,la,False,tr,True,de,False,0.4375,0.6796875,0.32421875,toronja,grapefruit,la,La fruta cítrica grande de sabor amargo es la toronja,La fruta cítrica grande de sabor amargo es la toronja. La vestimenta elegante de saco y pantalón es
216,maleta,suitcase,la,la,True,ma,True,ma,True,0.8125,0.94921875,0.80078125,grava,gravel,la,Las piedras pequeñas que cubren algunos caminos es la grava,Las piedras pequeñas que cubren algunos caminos es la grava. El equipaje donde guardas ropa para viajar es
218,inodoro,toilet,el,la,False,in,True,ba,False,0.59765625,0.9453125,0.76171875,termómetro,thermometer,el,El instrumento que mide la temperatura es el termómetro,El instrumento que mide la temperatura es el termómetro. El artefacto del baño donde haces tus necesidades es
219,pasta de dientes,toothpaste,la,el,False,pasta,True,jab,False,0.77734375,0.9453125,0.4765625,botón,button,el,La pieza redonda que cierra la ropa es el botón,La pieza redonda que cierra la ropa es el botón. La crema que pones en el cepillo para limpiar dientes es
221,nuez,walnut,la,la,True,nue,True,alm,False,0.43359375,0.95703125,0.416015625,revista,magazine,la,La publicación con fotos e historias que lees es la revista,La publicación con fotos e historias que lees es la revista. El fruto seco duro que rompes para comer es
222,cera,wax,la,la,True,c,True,c,True,0.98046875,1.0,0.77734375,tigre,tiger,el,El felino grande con rayas naranjas y negras es el tigre,El felino grande con rayas naranjas y negras es el tigre. La sustancia que usan las abejas para hacer panales es
223,yate,yacht,el,el,True,y,True,y,True,0.50390625,0.97265625,0.94140625,garaje,garage,el,El lugar donde guardas el auto es el garaje,El lugar donde guardas el auto es el garaje. La embarcación lujosa de recreo es
224,bellota,acorn,la,el,False,nue,False,bell,True,0.6015625,0.94921875,0.44921875,destapacaños,plunger,el,La herramienta que destapa tuberías tapadas es el destapacaños,La herramienta que destapa tuberías tapadas es el destapacaños. El fruto del roble que comen las ardillas es
225,avión,airplane,el,el,True,av,True,a,True,0.97265625,1.0,0.67578125,maleta,suitcase,la,El equipaje donde guardas ropa para viajar es la maleta,El equipaje donde guardas ropa para viajar es la maleta. La máquina voladora que transporta pasajeros es
227,anchoa,anchovy,la,el,False,s,False,at,False,0.80078125,0.421875,0.1982421875,mosca,housefly,la,El insecto molesto que zumba en casa es la mosca,El insecto molesto que zumba en casa es la mosca. El pez pequeño y salado que pones en pizza es
228,yunque,anvil,el,el,True,h,False,frag,False,0.90234375,0.59375,0.8046875,cuervo,crow,el,El ave negra que hace caw caw es el cuervo,El ave negra que hace caw caw es el cuervo. El bloque de hierro donde los herreros martillan es
229,brazo,arm,el,el,True,braz,True,braz,True,1.0,0.99609375,0.59375,pollito,chick,el,El bebé de la gallina que hace pío es el pollito,El bebé de la gallina que hace pío es el pollito. La extremidad que va del hombro a la mano es
230,ceniza,ash,la,el,False,cen,True,h,False,0.6875,0.9140625,0.90625,colmena,beehive,la,La casa hexagonal donde viven las abejas es la colmena,La casa hexagonal donde viven las abejas es la colmena. El polvo gris que queda después de quemar algo es
233,mochila,backpack,la,la,True,mo,True,mo,True,0.90625,0.9921875,0.416015625,cenicero,ashtray,el,El recipiente donde los fumadores apagan cigarrillos es el cenicero,El recipiente donde los fumadores apagan cigarrillos es el cenicero. La bolsa que cargas en la espalda es
234,pico,beak,el,el,True,p,True,p,True,0.96484375,0.9765625,0.99609375,viga,rafter,la,La viga de madera que sostiene el techo es la viga,La viga de madera que sostiene el techo es la viga. La parte dura y puntiaguda de la boca de las aves es
236,barba,beard,la,el,False,bar,True,pelo,False,0.55859375,0.96484375,0.82421875,cisne,swan,el,El ave elegante de cuello largo es el cisne,El ave elegante de cuello largo es el cisne. El pelo que crece en la cara de los hombres es
237,campana,bell,la,el,False,cam,True,c,True,0.52734375,0.7421875,0.26171875,lámpara,lamp,la,El objeto que da luz eléctrica en tu cuarto es la lámpara,El objeto que da luz eléctrica en tu cuarto es la lámpara. El objeto metálico que suena cuando lo mueves es
238,blusa,blouse,la,la,True,bl,True,cors,False,0.8515625,0.7265625,0.345703125,bellota,acorn,la,El fruto del roble que comen las ardillas es la bellota,El fruto del roble que comen las ardillas es la bellota. La prenda femenina que cubre el torso es
239,arándano,blueberry,el,la,False,ar,True,f,False,0.75,0.7734375,0.4140625,tambor,drum,el,El instrumento musical que golpeas con palitos es el tambor,El instrumento musical que golpeas con palitos es el tambor. La fruta pequeña azul que crece en arbustos es
240,bota,boot,la,el,False,bot,True,bot,True,0.80859375,0.98828125,0.51171875,espárrago,asparagus,el,La verdura verde larga y delgada es el espárrago,La verdura verde larga y delgada es el espárrago. El calzado alto que cubre el tobillo es
241,pulsera,bracelet,la,un,False,pul,True,re,False,0.7578125,0.96484375,0.84375,cabra,goat,la,El animal con cuernos que come hierba y da leche es la cabra,El animal con cuernos que come hierba y da leche es la cabra. La joya que usas en la muñeca es
243,abejorro,bumblebee,el,la,False,ab,True,ab,True,0.94140625,0.98828125,1.0,refrigerador,refrigerator,el,El electrodoméstico que mantiene fría la comida es el refrigerador,El electrodoméstico que mantiene fría la comida es el refrigerador. El insecto peludo que zumba y hace miel es
244,botón,button,el,un,False,bot,True,crem,False,0.6328125,0.98828125,0.43359375,palillos,chopsticks,los,Los utensilios de madera que usan en Asia para comer son los palillos,Los utensilios de madera que usan en Asia para comer son los palillos. La pieza redonda que cierra la ropa es
245,café,cafe,el,el,True,café,True,caf,True,0.478515625,0.7578125,0.6171875,caballete,easel,el,El soporte de madera donde los pintores ponen lienzos es el caballete,El soporte de madera donde los pintores ponen lienzos es el caballete. El lugar donde bebes café y comes pasteles es
247,alfombra,carpet,la,el,False,piel,False,su,False,0.59375,0.2734375,0.60546875,bigote,moustache,el,El pelo que crece arriba del labio superior es el bigote,El pelo que crece arriba del labio superior es el bigote. La tela gruesa que cubre el piso es
248,castillo,castle,el,el,True,cast,True,c,True,0.71484375,0.91015625,0.79296875,jarra,jug,la,El recipiente grande con asa para líquidos es la jarra,El recipiente grande con asa para líquidos es la jarra. La fortaleza donde vivían los reyes es
249,cueva,cave,la,un,False,cue,True,(,False,0.4453125,0.921875,0.1259765625,arena,sand,la,Los granos pequeños que cubren las playas es la arena,Los granos pequeños que cubren las playas es la arena. El hueco natural en las rocas o montañas es
250,violonchelo,cello,el,el,True,viol,True,guitar,False,0.80078125,0.8203125,0.578125,bigote,moustache,el,El pelo que crece arriba del labio superior es el bigote,El pelo que crece arriba del labio superior es el bigote. El instrumento de cuerdas grande que tocas sentado es
251,cucaracha,cockroach,la,el,False,cuc,True,g,False,0.6015625,0.82421875,0.7421875,balsa,raft,la,La embarcación simple hecha de troncos es la balsa,La embarcación simple hecha de troncos es la balsa. El insecto marrón que aparece en cocinas sucias es
252,potro,colt,el,el,True,pot,True,y,False,0.68359375,0.77734375,0.66015625,sillón,armchair,el,El asiento cómodo con brazos donde te relajas es el sillón,El asiento cómodo con brazos donde te relajas es el sillón. El caballo joven que aún no está entrenado es
253,maíz,corn,el,el,True,ma,True,ma,True,0.81640625,0.9921875,0.5625,galleta,cookie,la,El dulce crujiente que horneas en la cocina es la galleta,El dulce crujiente que horneas en la cocina es la galleta. El cereal amarillo con granos en mazorca es
254,vaca,cow,la,el,False,vac,True,vac,True,0.79296875,1.0,0.9453125,foco,bulb,el,El objeto que produce luz eléctrica es el foco,El objeto que produce luz eléctrica es el foco. El animal que da leche y hace muu es
255,coyote,coyote,el,el,True,z,False,z,False,0.90625,0.7421875,0.71875,banqueta,sidewalk,la,El camino peatonal junto a la calle es la banqueta,El camino peatonal junto a la calle es la banqueta. El animal salvaje parecido al lobo es
257,sótano,crawlspace,el,el,True,só,True,cue,False,0.67578125,0.388671875,0.32421875,arena,sand,la,Los granos pequeños que cubren las playas es la arena,Los granos pequeños que cubren las playas es la arena. El espacio bajo la casa donde apenas puedes gatear es
258,croissant,croissant,el,el,True,bag,False,bag,False,0.6328125,0.66015625,0.90234375,cobra,cobra,la,La serpiente venenosa que puede expandir su cuello es la cobra,La serpiente venenosa que puede expandir su cuello es la cobra. El pan francés en forma de media luna es
260,daga,dagger,la,el,False,nav,False,c,False,0.4375,0.88671875,0.94140625,sidra,cider,la,La bebida hecha con jugo de manzana fermentado es la sidra,La bebida hecha con jugo de manzana fermentado es la sidra. El arma blanca corta con doble filo es
261,delfín,dolphin,el,el,True,d,True,ball,False,0.921875,0.99609375,0.765625,galleta,cookie,la,El dulce crujiente que horneas en la cocina es la galleta,El dulce crujiente que horneas en la cocina es la galleta. El mamífero marino inteligente que salta es
262,dona,doughnut,la,el,False,ch,False,ch,False,0.84375,0.7578125,0.208984375,cómoda,dresser,la,El mueble con cajones donde guardas ropa es la cómoda,El mueble con cajones donde guardas ropa es la cómoda. El dulce frito en forma de anillo es
264,cómoda,dresser,la,el,False,có,True,arm,False,0.91796875,0.98828125,0.99609375,árbol,tree,el,La planta grande con tronco y ramas es el árbol,La planta grande con tronco y ramas es el árbol. El mueble con cajones donde guardas ropa es
266,baqueta,drumstick,la,el,False,b,True,b,True,0.83984375,0.88671875,0.91015625,castillo,castle,el,La fortaleza donde vivían los reyes es el castillo,La fortaleza donde vivían los reyes es el castillo. El palo que usas para tocar la batería es
267,lóbulo,earlobe,el,el,True,l,True,ore,False,0.3046875,0.33203125,0.6484375,puercoespín,porcupine,el,El animal con púas que se enrolla cuando se asusta es el puercoespín,El animal con púas que se enrolla cuando se asusta es el puercoespín. La parte blanda de abajo de la oreja es
268,arete,earring,el,el,True,are,True,pul,False,0.76953125,0.6796875,0.53125,mosca,housefly,la,El insecto molesto que zumba en casa es la mosca,El insecto molesto que zumba en casa es la mosca. La joya que cuelga de las orejas es
269,huella digital,fingerprint,la,la,True,hu,True,r,False,0.2353515625,0.53125,0.09326171875,pistola,handgun,la,El arma de fuego pequeña que se usa con una mano es la pistola,El arma de fuego pequeña que se usa con una mano es la pistola. La marca única que dejan tus dedos es
271,garaje,garage,el,el,True,gar,True,gar,True,0.90625,0.71875,0.51171875,tronco,log,el,La madera redonda que cortas del árbol es el tronco,La madera redonda que cortas del árbol es el tronco. El lugar donde guardas el auto es
272,portón,gate,el,la,False,port,True,pu,False,0.73828125,0.95703125,0.640625,canicas,marbles,las,Las esferas de vidrio con las que juegan niños son las canicas,Las esferas de vidrio con las que juegan niños son las canicas. La puerta grande que cierra el patio es
274,sierra,hacksaw,la,el,False,si,True,tal,False,0.5,0.98046875,0.875,serpiente,snake,la,El reptil largo sin patas que se arrastra es la serpiente,El reptil largo sin patas que se arrastra es la serpiente. La herramienta dentada que corta metal es
277,mosca,housefly,la,la,True,mos,True,mosquito,False,0.86328125,0.95703125,0.9765625,pimentón,paprika,el,La especia roja en polvo que sazona la comida es el pimentón,La especia roja en polvo que sazona la comida es el pimentón. El insecto molesto que zumba en casa es
278,colibrí,hummingbird,el,el,True,col,True,gol,False,0.890625,0.9609375,0.68359375,águila,eagle,el,El ave rapaz grande con vista muy aguda es el águila,El ave rapaz grande con vista muy aguda es el águila. El ave pequeña que mueve las alas muy rápido es
279,iceberg,iceberg,el,un,False,iceberg,True,gl,False,0.61328125,0.53515625,0.81640625,oreja,ear,la,La parte del cuerpo con la que escuchas sonidos es la oreja,La parte del cuerpo con la que escuchas sonidos es la oreja. La masa de hielo que flota en el océano es
281,isla,island,la,el,False,is,True,contin,False,0.2890625,1.0,0.578125,vodka,vodka,el,La bebida alcohólica transparente muy fuerte es el vodka,La bebida alcohólica transparente muy fuerte es el vodka. La tierra rodeada de agua por todos lados es
282,mandíbula,jawbone,la,el,False,mand,True,max,False,0.8125,1.0,0.92578125,gorila,gorilla,el,El simio grande y fuerte que vive en la selva es el gorila,El simio grande y fuerte que vive en la selva es el gorila. El hueso que mueve la boca para masticar es
286,riñón,kidney,el,el,True,ri,True,ri,True,0.9609375,0.98046875,0.376953125,pollito,chick,el,El bebé de la gallina que hace pío es el pollito,El bebé de la gallina que hace pío es el pollito. El órgano que filtra la sangre en tu cuerpo es
287,tapa,lid,la,la,True,tap,True,tap,True,0.6328125,0.9921875,0.83203125,cámara,camera,la,El aparato que usas para tomar fotografías es la cámara,El aparato que usas para tomar fotografías es la cámara. La cubierta que cierra frascos y ollas es
288,faro,lighthouse,el,un,False,far,True,far,True,0.34765625,0.99609375,0.99609375,ballena,whale,la,El mamífero marino gigante que expulsa agua es la ballena,El mamífero marino gigante que expulsa agua es la ballena. La torre con luz que guía barcos en la noche es
289,lima,lime,la,el,False,n,False,lim,True,0.828125,0.94140625,0.9921875,tetera,teapot,la,La vasija con pico donde preparas té es la tetera,La vasija con pico donde preparas té es la tetera. La fruta cítrica verde pequeña es
291,león,lion,el,el,True,le,True,le,True,0.78125,0.99609375,0.77734375,codo,elbow,el,La articulación que une el brazo con el antebrazo es el codo,La articulación que une el brazo con el antebrazo es el codo. El felino grande que ruge y tiene melena es
292,labio,lip,el,el,True,lab,True,lab,True,0.75,0.98828125,0.89453125,chimenea,chimney,la,La estructura por donde sale el humo de la casa es la chimenea,La estructura por donde sale el humo de la casa es la chimenea. El borde carnoso de la boca es
293,tronco,log,el,el,True,tr,True,le,False,0.73828125,0.9375,0.451171875,pasa,raisin,la,La uva seca y arrugada que comes como dulce es la pasa,La uva seca y arrugada que comes como dulce es la pasa. La madera redonda que cortas del árbol es
297,máscara,mask,la,la,True,má,True,cas,False,0.75,0.369140625,0.77734375,lanza,spear,la,El arma larga con punta que usaban los guerreros es la lanza,El arma larga con punta que usaban los guerreros es la lanza. La cubierta que oculta o protege tu cara es
300,meteoro,meteor,el,el,True,meteor,True,met,True,0.84375,0.609375,0.75390625,sierra,hacksaw,la,La herramienta dentada que corta metal es la sierra,La herramienta dentada que corta metal es la sierra. La roca espacial que se quema al entrar a la atmósfera es
301,montaña,mountain,la,la,True,mont,True,mont,True,0.384765625,0.91015625,0.609375,brazo,arm,el,La extremidad que va del hombro a la mano es el brazo,La extremidad que va del hombro a la mano es el brazo. La elevación natural muy alta de tierra es
302,bigote,moustache,el,el,True,big,True,bar,False,0.90234375,1.0,0.7421875,perro caliente,hotdog,el,La salchicha en pan que vendes en puestos callejeros es el perro caliente,La salchicha en pan que vendes en puestos callejeros es el perro caliente. El pelo que crece arriba del labio superior es
304,collar,necklace,el,el,True,collar,True,garg,False,0.69140625,0.9296875,0.66015625,cuello,neck,el,La parte del cuerpo que conecta la cabeza con el tronco es el cuello,La parte del cuerpo que conecta la cabeza con el tronco es el cuello. La joya que usas alrededor del cuello es
305,corbata,necktie,la,la,True,cam,False,c,True,0.65625,0.5859375,0.546875,árbol,tree,el,La planta grande con tronco y ramas es el árbol,La planta grande con tronco y ramas es el árbol. La prenda elegante que atas en el cuello es
306,club nocturno,nightclub,el,el,True,bar,False,disc,False,0.328125,0.57421875,0.9609375,barba,beard,la,El pelo que crece en la cara de los hombres es la barba,El pelo que crece en la cara de los hombres es la barba. El lugar donde bailas y bebes de noche es
307,clip,paperclip,el,el,True,al,False,g,False,0.43359375,0.41015625,0.453125,lanza,spear,la,El arma larga con punta que usaban los guerreros es la lanza,El arma larga con punta que usaban los guerreros es la lanza. El alambre doblado que sujeta papeles es
309,directorio telefónico,phonebook,el,el,True,director,True,gu,False,0.76171875,0.6796875,0.99609375,caimán,alligator,el,El reptil grande con mandíbulas poderosas es el caimán,El reptil grande con mandíbulas poderosas es el caimán. El libro donde buscas números de teléfono es
311,destapacaños,plunger,el,el,True,des,True,ll,False,0.59375,0.33984375,0.61328125,codo,elbow,el,La articulación que une el brazo con el antebrazo es el codo,La articulación que une el brazo con el antebrazo es el codo. La herramienta que destapa tuberías tapadas es
312,pirámide,pyramid,la,la,True,pir,True,pir,True,0.86328125,0.96484375,0.76953125,cactus,cactus,el,La planta espinosa que crece en el desierto es el cactus,La planta espinosa que crece en el desierto es el cactus. La construcción triangular de los faraones es
313,pitón,python,la,la,True,ser,False,ser,False,0.40625,0.30859375,0.06396484375,cola,tail,la,La extremidad trasera que mueven los animales es la cola,La extremidad trasera que mueven los animales es la cola. La serpiente grande que aplasta a sus presas es
314,auto de carreras,racecar,el,la,False,co,False,moto,False,0.58203125,0.44921875,0.51171875,avispa,hornet,la,El insecto volador que pica fuerte es la avispa,El insecto volador que pica fuerte es la avispa. El vehículo veloz que compite en pistas es
315,secuoya,redwood,la,el,False,pal,False,ro,False,0.96875,0.90234375,0.3125,plátano,banana,el,La fruta amarilla y alargada que comen los monos es el plátano,La fruta amarilla y alargada que comen los monos es el plátano. El árbol gigante que puede vivir miles de años es
316,caja torácica,ribcage,la,la,True,c,True,est,False,0.55078125,0.765625,0.6953125,recogedor,dustpan,el,El utensilio plano que usas con la escoba para recoger basura es el recogedor,El utensilio plano que usas con la escoba para recoger basura es el recogedor. Los huesos curvos que protegen tus pulmones es
318,castillo de arena,sandcastle,el,la,False,bal,False,arena,False,0.93359375,0.1962890625,0.361328125,chal,shawl,el,La prenda que te pones sobre los hombros es el chal,La prenda que te pones sobre los hombros es el chal. La construcción que haces en la playa es
321,estante,shelf,el,la,False,est,True,mesa,False,0.87890625,0.482421875,0.4609375,castillo,castle,el,La fortaleza donde vivían los reyes es el castillo,La fortaleza donde vivían los reyes es el castillo. La tabla horizontal donde pones libros es
322,escopeta,shotgun,la,el,False,esc,True,fus,False,0.765625,0.63671875,0.6953125,cárdigan,cardigan,el,El suéter abierto al frente con botones es el cárdigan,El suéter abierto al frente con botones es el cárdigan. El arma larga que dispara muchos perdigones es
323,patillas,sideburns,las,las,True,bar,False,big,False,0.8359375,0.396484375,0.98828125,puercoespín,porcupine,el,El animal con púas que se enrolla cuando se asusta es el puercoespín,El animal con púas que se enrolla cuando se asusta es el puercoespín. El pelo que crece a los lados de las mejillas son
325,humo,smoke,el,el,True,hum,True,hum,True,0.62109375,0.98828125,0.953125,celular,cellphone,el,El teléfono portátil que llevas en el bolsillo es el celular,El teléfono portátil que llevas en el bolsillo es el celular. El vapor gris que sale cuando algo se quema es
327,cuchara,spoon,la,un,False,c,True,c,True,0.267578125,0.9921875,0.74609375,regaliz,licorice,el,El dulce negro con sabor fuerte y peculiar es el regaliz,El dulce negro con sabor fuerte y peculiar es el regaliz. El utensilio cóncavo que usas para comer sopa es
329,estufa,stove,la,la,True,est,True,h,False,0.54296875,0.80859375,0.80078125,trapeador,mop,el,El utensilio con hilos que usas para limpiar el suelo es el trapeador,El utensilio con hilos que usas para limpiar el suelo es el trapeador. El aparato donde cocinas con fuego es
330,carriola,stroller,la,el,False,c,True,coch,False,0.52734375,0.75,0.91796875,tigre,tiger,el,El felino grande con rayas naranjas y negras es el tigre,El felino grande con rayas naranjas y negras es el tigre. El carrito donde paseas a los bebés es
331,sushi,sushi,el,el,True,sushi,True,s,True,0.92578125,0.69921875,0.9765625,automóvil,automobile,el,El vehículo de cuatro ruedas con motor es el automóvil,El vehículo de cuatro ruedas con motor es el automóvil. El platillo japonés de pescado crudo es
334,cola,tail,la,la,True,cola,True,rab,False,0.8125,0.99609375,0.94140625,hoja,blade,la,La parte afilada de cuchillos y espadas es la hoja,La parte afilada de cuchillos y espadas es la hoja. La extremidad trasera que mueven los animales es
335,tetera,teapot,la,la,True,t,True,term,False,0.57421875,0.79296875,0.1796875,garbanzo,chickpea,el,La legumbre redonda de color beige es el garbanzo,La legumbre redonda de color beige es el garbanzo. La vasija con pico donde preparas té es
336,dientes,teeth,los,los,True,d,True,m,False,0.8671875,0.9609375,0.76953125,jarra,jug,la,El recipiente grande con asa para líquidos es la jarra,El recipiente grande con asa para líquidos es la jarra. Los huesos blancos que usas para masticar son
337,teléfono,telephone,el,el,True,teléfono,True,...,False,0.72265625,0.88671875,0.1640625,pulgar,thumb,el,El dedo gordo de la mano es el pulgar,El dedo gordo de la mano es el pulgar. El aparato que usas para hablar con gente lejana es
338,termómetro,thermometer,el,el,True,term,True,term,True,0.98828125,0.93359375,0.9375,candelero,candlestick,el,El soporte donde pones velas es el candelero,El soporte donde pones velas es el candelero. El instrumento que mide la temperatura es
341,torpedo,torpedo,el,el,True,mis,False,bomb,False,0.482421875,0.15625,0.50390625,pimentón,paprika,el,La especia roja en polvo que sazona la comida es el pimentón,La especia roja en polvo que sazona la comida es el pimentón. El proyectil submarino que explota es
342,ropa interior,underwear,la,el,False,,True,cal,False,0.6796875,0.76953125,0.271484375,morsa,walrus,la,El mamífero marino grande con colmillos es la morsa,El mamífero marino grande con colmillos es la morsa. La prenda íntima que usas debajo de la ropa es
343,violín,violin,el,el,True,viol,True,viol,True,0.93359375,0.9140625,0.69921875,edredón,quilt,el,La manta gruesa y decorativa que cubre la cama es el edredón,La manta gruesa y decorativa que cubre la cama es el edredón. El instrumento de cuerdas que tocas con arco es
344,avispa,wasp,la,el,False,ar,False,esc,False,0.4140625,0.6328125,0.482421875,coliflor,cauliflower,la,La verdura blanca con forma de árbol pequeño es la coliflor,La verdura blanca con forma de árbol pequeño es la coliflor. El insecto rayado que puede picar es
345,ballena,whale,la,la,True,ball,True,ball,True,0.625,0.99609375,0.515625,canicas,marbles,las,Las esferas de vidrio con las que juegan niños son las canicas,Las esferas de vidrio con las que juegan niños son las canicas. El mamífero marino gigante que expulsa agua es
346,piña,pineapple,la,el,False,pi,True,pi,True,0.671875,0.98828125,0.38671875,cementerio,churchyard,el,El patio de la iglesia donde hay tumbas es el cementerio,El patio de la iglesia donde hay tumbas es el cementerio. La fruta tropical con corona espinosa es
347,camisa,shirt,la,la,True,cam,True,cam,True,0.84375,0.984375,0.498046875,mosca,housefly,la,El insecto molesto que zumba en casa es la mosca,El insecto molesto que zumba en casa es la mosca. La prenda que cubre tu torso y brazos es
349,anaconda,anaconda,la,el,False,ana,True,ana,True,0.54296875,0.99609375,0.99609375,confeti,confetti,el,Los papelitos de colores que lanzas en fiestas son el confeti,Los papelitos de colores que lanzas en fiestas son el confeti. La serpiente gigante que vive en ríos sudamericanos es
350,tablero,backboard,el,la,False,a,False,can,False,0.49609375,0.62890625,0.9375,gaita,bagpipe,la,El instrumento musical escocés que suena con aire es la gaita,El instrumento musical escocés que suena con aire es la gaita. La superficie vertical donde rebota la pelota de básquet es
351,placa,badge,la,el,False,pl,True,sil,False,0.390625,0.75,0.08154296875,coliflor,cauliflower,la,La verdura blanca con forma de árbol pequeño es la coliflor,La verdura blanca con forma de árbol pequeño es la coliflor. El distintivo metálico que usan policías es
352,gaitas,bagpipes,las,las,True,bag,False,bag,False,0.369140625,0.75390625,0.96484375,cactus,cactus,el,La planta espinosa que crece en el desierto es el cactus,La planta espinosa que crece en el desierto es el cactus. El instrumento escocés que suena con aire son
353,panadería,bakeshop,la,la,True,pan,True,pan,True,0.56640625,0.94921875,0.98828125,mayonesa,mayo,la,La salsa blanca cremosa que pones en tortas es la mayonesa,La salsa blanca cremosa que pones en tortas es la mayonesa. La tienda donde venden pan recién horneado es
354,colmena,beehive,la,la,True,col,True,pan,False,0.9765625,0.98828125,0.84765625,botón,button,el,La pieza redonda que cierra la ropa es el botón,La pieza redonda que cierra la ropa es el botón. La casa hexagonal donde viven las abejas es
356,bíceps,biceps,el,el,True,bí,True,trí,False,0.98828125,0.96875,0.8203125,garaje,garage,el,El lugar donde guardas el auto es el garaje,El lugar donde guardas el auto es el garaje. El músculo que se hace bulto en el brazo es
358,soplete,blowtorch,el,la,False,h,False,l,False,0.451171875,0.5546875,0.154296875,coliflor,cauliflower,la,La verdura blanca con forma de árbol pequeño es la coliflor,La verdura blanca con forma de árbol pequeño es la coliflor. La herramienta que produce llama muy caliente es
359,barco,boat,el,el,True,bar,True,bar,True,0.50390625,0.83984375,0.578125,daga,dagger,la,El arma blanca corta con doble filo es la daga,El arma blanca corta con doble filo es la daga. La embarcación que navega en el agua es
362,bourbon,bourbon,el,el,True,bourbon,True,c,False,0.96875,0.98828125,0.97265625,peine,comb,el,El objeto con dientes que usas para arreglar el cabello es el peine,El objeto con dientes que usas para arreglar el cabello es el peine. El whiskey americano hecho con maíz es
363,foco,bulb,el,la,False,foc,True,bomb,False,0.92578125,0.57421875,0.7890625,collar,necklace,el,La joya que usas alrededor del cuello es el collar,La joya que usas alrededor del cuello es el collar. El objeto que produce luz eléctrica es
364,hamburguesa,burger,la,el,False,tort,False,pan,False,0.5625,0.13671875,0.8984375,cobra,cobra,la,La serpiente venenosa que puede expandir su cuello es la cobra,La serpiente venenosa que puede expandir su cuello es la cobra. La carne entre panes que comes con las manos es
365,mariposa,butterfly,la,la,True,ab,False,ab,False,0.88671875,0.5546875,0.734375,ballena,whale,la,El mamífero marino gigante que expulsa agua es la ballena,El mamífero marino gigante que expulsa agua es la ballena. El insecto colorido que vuela de flor en flor es
367,camello,camel,el,el,True,cam,True,d,False,0.95703125,1.0,0.419921875,pasa,raisin,la,La uva seca y arrugada que comes como dulce es la pasa,La uva seca y arrugada que comes como dulce es la pasa. El animal del desierto con jorobas es
368,candelero,candlestick,el,la,False,c,True,v,False,0.375,0.47265625,0.859375,cabra,goat,la,El animal con cuernos que come hierba y da leche es la cabra,El animal con cuernos que come hierba y da leche es la cabra. El soporte donde pones velas es
369,bote,canister,el,la,False,tar,False,bot,True,0.45703125,0.8359375,0.87890625,león,lion,el,El felino grande que ruge y tiene melena es el león,El felino grande que ruge y tiene melena es el león. El recipiente cilíndrico con tapa es
372,cementerio,cemetery,el,la,False,cement,True,t,False,0.51171875,0.96484375,0.94140625,collar,necklace,el,La joya que usas alrededor del cuello es el collar,La joya que usas alrededor del cuello es el collar. El lugar donde entierran a los muertos es
373,pecho,chest,el,el,True,pe,True,región,False,0.78515625,0.859375,0.431640625,botas,boots,las,El calzado alto que protege los pies y tobillos son las botas,El calzado alto que protege los pies y tobillos son las botas. La parte frontal del torso es
374,pollito,chick,el,el,True,poll,True,poll,True,0.7578125,0.9375,0.4921875,capullo de rosa,rosebud,el,La rosa que aún no se ha abierto completamente es el capullo de rosa,La rosa que aún no se ha abierto completamente es el capullo de rosa. El bebé de la gallina que hace pío es
376,palillo,chopstick,el,el,True,pal,True,c,False,0.80859375,0.44921875,0.95703125,araña,spider,la,El arácnido de ocho patas que teje telarañas es la araña,El arácnido de ocho patas que teje telarañas es la araña. El utensilio de madera para comer comida asiática es
377,cementerio,churchyard,el,el,True,cement,True,cri,False,0.80859375,0.8671875,0.5703125,dientes,teeth,los,Los huesos blancos que usas para masticar son los dientes,Los huesos blancos que usas para masticar son los dientes. El patio de la iglesia donde hay tumbas es
379,arcilla,clay,la,la,True,arc,True,bar,False,0.80859375,0.9453125,0.95703125,lima,lime,la,La fruta cítrica verde pequeña es la lima,La fruta cítrica verde pequeña es la lima. La tierra moldeable que usan los alfareros es
381,coliseo,coliseum,el,el,True,col,True,arena,False,0.953125,0.98828125,0.7421875,mora,blackberry,la,La fruta pequeña y oscura que crece en arbustos es la mora,La fruta pequeña y oscura que crece en arbustos es la mora. El anfiteatro romano donde peleaban gladiadores es
382,computadora,computer,la,el,False,comput,True,orden,False,0.486328125,0.99609375,0.458984375,dedal,thimble,el,La protección pequeña que usan las costureras es el dedal,La protección pequeña que usan las costureras es el dedal. La máquina electrónica que procesa información es
383,confeti,confetti,el,los,False,papel,False,conf,True,0.68359375,0.98828125,0.86328125,almohada,pillow,la,El cojín suave donde apoyas la cabeza para dormir es la almohada,El cojín suave donde apoyas la cabeza para dormir es la almohada. Los papelitos de colores que lanzas en fiestas son
384,cuna,cradle,la,la,True,c,True,ber,False,0.78515625,0.99609375,0.5078125,ropa interior,underwear,la,La prenda íntima que usas debajo de la ropa es la ropa interior,La prenda íntima que usas debajo de la ropa es la ropa interior. La camita donde duermen los bebés es
385,caja,crate,la,el,False,c,True,c,True,0.609375,0.9921875,0.29296875,cadillac,cadillac,el,El auto de lujo americano grande es el cadillac,El auto de lujo americano grande es el cadillac. El contenedor de madera para transportar cosas es
387,cuervo,crow,el,el,True,cu,True,cu,True,0.87890625,0.99609375,0.64453125,agujeta,shoelace,la,El cordón que atas para cerrar los zapatos es la agujeta,El cordón que atas para cerrar los zapatos es la agujeta. El ave negra que hace caw caw es
389,dentista,dentist,el,el,True,dent,True,dent,True,0.97265625,0.921875,0.81640625,pastel,pastry,el,El dulce horneado que comes de postre es el pastel,El dulce horneado que comes de postre es el pastel. El doctor que cuida y arregla los dientes es
390,postre,dessert,el,el,True,post,True,t,False,0.87890625,0.9453125,0.4375,pistola,handgun,la,El arma de fuego pequeña que se usa con una mano es la pistola,El arma de fuego pequeña que se usa con una mano es la pistola. El dulce que comes al final de la comida es
391,diploma,diploma,el,el,True,título,False,lic,False,0.5390625,0.58984375,0.52734375,violín,violin,el,El instrumento de cuerdas que tocas con arco es el violín,El instrumento de cuerdas que tocas con arco es el violín. El documento que recibes al graduarte es
392,dólar,dollar,el,el,True,dó,True,dó,True,0.94921875,0.9140625,0.349609375,carriola,stroller,la,El carrito donde paseas a los bebés es la carriola,El carrito donde paseas a los bebés es la carriola. La moneda americana de papel verde es
